year,player_id,first_name,last_name,total_fantasy_pts,passing_yds,passing_tds,passing_int,rushing_yds,rushing_tds,receiving_yds,receiving_tds,fumbles_lost
2009,00-0024245,Joseph,Addai,197.28,22,1,0,828,10,336,3,1
2009,00-0023645,Derek,Anderson,32.68,802,3,9,6,2,0,0,3
2009,00-0023921,Miles,Austin,188.8,0,0,0,-2,0,1230,11,0
2009,00-0023544,Marion,Barber,142.8,0,0,0,841,7,207,0,2
2009,00-0024011,Mike,Bell,90.0,0,0,0,626,5,14,0,2
2009,00-0026210,Earl,Bennett,81.0,0,0,0,0,0,690,2,0
2009,00-0023439,Cedric,Benson,172.2,0,0,0,1251,6,111,0,0
2009,00-0022084,Anquan,Boldin,125.8,0,0,0,7,0,991,5,2
2009,00-0022164,Kyle,Boller,37.34,876,3,6,63,0,0,0,2
2009,00-0025637,Ahmad,Bradshaw,131.9,0,0,0,765,7,174,0,2
2009,00-0019596,Tom,Brady,262.88,4212,28,12,44,1,0,0,2
2009,00-0025529,Steve,Breaston,90.0,0,0,0,44,0,696,3,1
2009,00-0020531,Drew,Brees,292.42,4388,34,11,33,2,-4,0,6
2009,00-0027006,Kenny,Britt,84.7,0,0,0,0,0,687,3,1
2009,00-0023437,Ronnie,Brown,125.48,22,1,0,648,8,98,0,1
2009,00-0020270,Correll,Buckhalter,88.1,0,0,0,624,1,237,0,2
2009,00-0019599,Marc,Bulger,66.96,1469,5,6,22,0,0,0,1
2009,00-0021999,Nate,Burleson,95.6,0,0,0,4,0,812,3,2
2009,00-0025487,Michael,Bush,81.2,0,0,0,571,3,101,0,2
2009,00-0024217,Reggie,Bush,113.0,0,0,0,355,5,335,3,2
2009,00-0023460,Jason,Campbell,198.28,3337,18,15,228,1,0,0,3
2009,00-0023662,Matt,Cassel,156.28,2717,16,15,196,0,0,0,3
2009,00-0025549,Brent,Celek,135.5,0,0,0,0,0,875,8,0
2009,00-0026213,Jamaal,Charles,145.5,0,0,0,861,5,294,1,3
2009,00-0022165,Dallas,Clark,166.5,0,0,0,11,0,1054,10,0
2009,00-0003292,Kerry,Collins,60.5,1225,6,8,15,1,0,0,2
2009,00-0024466,Marques,Colston,157.7,0,0,0,6,0,1071,9,2
2009,00-0022811,Jerricho,Cotchery,96.3,0,0,0,1,0,782,3,0
2009,00-0003739,Daunte,Culpepper,29.52,683,1,5,82,0,0,0,0
2009,00-0024226,Jay,Cutler,196.3,3390,23,26,167,1,0,0,1
2009,00-0024221,Vernon,Davis,159.6,0,0,0,0,0,876,12,0
2009,00-0004161,Jake,Delhomme,76.6,2015,8,18,60,0,0,0,3
2009,00-0004541,Donald,Driver,134.9,0,0,0,13,0,996,6,1
2009,00-0025479,Trent,Edwards,67.36,1169,6,7,106,0,0,0,0
2009,00-0022093,Justin,Fargas,78.4,0,0,0,491,3,113,0,0
2009,00-0005106,Brett,Favre,253.74,3886,29,7,5,0,-2,0,2
2009,00-0022921,Larry,Fitzgerald,179.5,0,0,0,0,0,1075,12,0
2009,00-0023682,Ryan,Fitzpatrick,70.08,1267,6,10,134,1,0,0,2
2009,00-0026158,Joe,Flacco,202.84,3511,21,12,64,0,0,0,2
2009,00-0026373,Justin,Forsett,116.1,0,0,0,545,4,336,1,1
2009,00-0026184,Matt,Forte,145.6,0,0,0,828,4,448,0,3
2009,00-0026993,Josh,Freeman,83.82,1683,9,16,164,0,1,0,2
2009,00-0023502,Charlie,Frye,11.94,401,0,4,39,0,0,0,0
2009,00-0026345,Pierre,Garcon,101.5,0,0,0,10,0,765,4,0
2009,00-0021231,David,Garrard,200.1,3395,13,9,283,3,0,0,8
2009,00-0021547,Antonio,Gates,156.5,0,0,0,0,0,1145,7,0
2009,00-0006101,Tony,Gonzalez,119.7,0,0,0,0,0,837,6,0
2009,00-0023500,Frank,Gore,201.4,0,0,0,1013,8,381,3,2
2009,00-0024408,Bruce,Gradkowski,62.96,1004,6,3,108,0,0,0,3
2009,00-0022984,Ryan,Grant,197.9,0,0,0,1202,10,197,0,1
2009,00-0026899,Shonn,Greene,53.9,0,0,0,479,2,0,0,3
2009,00-0024359,Jerome,Harrison,125.5,0,0,0,735,4,200,2,2
2009,00-0026998,Percy,Harvin,120.4,0,0,0,113,0,731,6,0
2009,00-0007091,Matt,Hasselbeck,151.56,2854,16,16,114,0,0,0,3
2009,00-0022929,Devery,Henderson,91.9,0,0,0,13,0,786,2,0
2009,00-0026197,Chad,Henne,136.72,2738,11,13,32,1,0,0,0
2009,00-0026289,Tim,Hightower,139.8,0,0,0,574,8,424,0,4
2009,00-0020679,Shaun,Hill,58.72,943,5,2,70,0,0,0,1
2009,00-0024240,Santonio,Holmes,148.9,0,0,0,6,0,1243,4,0
2009,00-0007681,Torry,Holt,70.2,0,0,0,0,0,722,0,1
2009,00-0020438,T.J.,Houshmandzadeh,100.5,0,0,0,0,0,845,3,1
2009,00-0026189,DeSean,Jackson,183.1,0,0,0,131,1,1120,9,1
2009,00-0024204,Fred,Jackson,139.68,27,1,0,850,2,356,1,2
2009,00-0022736,Steven,Jackson,187.5,0,0,0,1361,4,314,0,2
2009,00-0023496,Vincent,Jackson,171.8,0,0,0,11,0,1167,9,0
2009,00-0023545,Brandon,Jacobs,135.9,0,0,0,835,5,184,1,1
2009,00-0024267,Greg,Jennings,133.1,0,0,0,0,0,1091,4,0
2009,00-0022044,Andre,Johnson,204.7,0,0,0,3,0,1504,9,0
2009,00-0025389,Calvin,Johnson,116.7,0,0,0,69,0,898,4,2
2009,00-0020397,Chad,Johnson,157.9,0,0,0,32,0,1047,9,2
2009,00-0026164,Chris,Johnson,315.5,0,0,0,1872,12,483,2,2
2009,00-0026300,Josh,Johnson,40.2,685,4,8,148,0,0,0,1
2009,00-0021976,Larry,Johnson,58.4,0,0,0,524,0,80,0,1
2009,00-0026162,Felix,Jones,79.0,0,0,0,594,2,116,0,2
2009,00-0022840,Julius,Jones,107.1,0,0,0,602,2,229,2,0
2009,00-0019641,Thomas,Jones,210.2,0,0,0,1324,12,58,0,0
2009,00-0024275,Maurice,Jones-Drew,261.7,0,0,0,1309,15,368,1,1
2009,00-0025423,Kevin,Kolb,44.14,741,4,3,5,1,0,0,1
2009,00-0022177,Byron,Leftwich,34.36,594,4,3,6,0,0,0,0
2009,00-0024225,Matt,Leinart,10.96,339,0,1,-6,0,0,0,0
2009,00-0019693,Jamal,Lewis,58.8,0,0,0,500,0,88,0,0
2009,00-0025399,Marshawn,Lynch,72.7,0,0,0,450,2,177,0,1
2009,00-0026995,Jeremy,Maclin,94.8,0,0,0,-7,0,715,4,0
2009,00-0022803,Eli,Manning,229.7,3880,27,13,65,0,0,0,7
2009,00-0010346,Peyton,Manning,276.9,4405,33,15,-13,0,0,0,0
2009,00-0026235,Mario,Manningham,110.2,0,0,0,0,0,822,5,1
2009,00-0024236,Laurence,Maroney,131.6,0,0,0,757,9,99,0,4
2009,00-0024334,Brandon,Marshall,175.9,0,0,0,39,0,1120,10,0
2009,00-0010500,Derrick,Mason,142.7,0,0,0,2,0,1005,7,0
2009,00-0027029,LeSean,McCoy,115.6,0,0,0,633,4,303,0,1
2009,00-0022178,Willis,McGahee,110.2,0,0,0,377,9,85,2,1
2009,00-0011022,Donovan,McNabb,222.6,3330,22,10,133,2,1,0,2
2009,00-0025414,Robert,Meachem,133.2,0,0,0,82,0,710,9,0
2009,00-0026163,Rashard,Mendenhall,166.9,0,0,0,1014,7,235,1,3
2009,00-0023465,Heath,Miller,103.3,0,0,0,0,0,733,5,0
2009,00-0025425,Zach,Miller,88.7,0,0,0,0,0,767,2,0
2009,00-0023512,Ryan,Moats,73.9,0,0,0,373,4,106,1,2
2009,00-0025708,Matt,Moore,59.44,891,7,2,-2,0,0,0,0
2009,00-0026988,Knowshon,Moreno,140.2,0,0,0,897,5,165,2,4
2009,00-0011754,Randy,Moss,194.9,0,0,0,0,0,1189,13,1
2009,00-0020494,Santana,Moss,101.5,0,0,0,8,0,847,3,1
2009,00-0027005,Hakeem,Nicks,116.3,0,0,0,8,0,795,6,0
2009,00-0027131,Keith,Null,12.04,501,3,9,0,0,0,0,1
2009,00-0023541,Kyle,Orton,198.34,3371,20,9,55,0,0,0,2
2009,00-0012478,Terrell,Owens,111.8,0,0,0,54,1,764,4,0
2009,00-0021429,Carson,Palmer,207.06,3094,21,12,93,3,0,0,2
2009,00-0019559,Chad,Pennington,13.22,413,1,2,7,0,0,0,2
2009,00-0025394,Adrian,Peterson,267.0,0,0,0,1335,17,435,0,6
2009,00-0021179,Clinton,Portis,65.1,0,0,0,494,1,57,1,1
2009,00-0025409,Brady,Quinn,83.16,1339,8,7,98,1,18,0,3
2009,00-0019709,Chris,Redman,41.64,781,4,3,4,0,0,0,0
2009,00-0026195,Ray,Rice,237.2,0,0,0,1269,7,683,1,3
2009,00-0025431,Sidney,Rice,154.0,0,0,0,0,0,1200,6,1
2009,00-0022942,Philip,Rivers,261.2,4155,27,9,50,1,0,0,3
2009,00-0023459,Aaron,Rodgers,316.16,4199,29,7,302,4,0,0,4
2009,00-0022924,Ben,Roethlisberger,246.52,4108,23,12,62,2,0,0,2
2009,00-0021678,Tony,Romo,255.68,4172,24,8,108,1,0,0,4
2009,00-0025388,JaMarcus,Russell,33.52,1188,3,10,40,0,0,0,5
2009,00-0026143,Matt,Ryan,170.32,2693,20,12,46,1,0,0,2
2009,00-0026898,Mark,Sanchez,125.64,2381,12,20,104,3,0,0,3
2009,00-0022787,Matt,Schaub,260.68,4467,27,14,60,0,0,0,2
2009,00-0025466,Mike,Sims-Walker,124.1,0,0,0,0,0,841,7,1
2009,00-0026229,Steve,Slaton,117.4,0,0,0,437,3,417,4,5
2009,00-0023436,Alex,Smith,131.52,2128,17,12,50,0,-6,0,1
2009,00-0026204,Kevin,Smith,141.6,0,0,0,747,4,409,1,2
2009,00-0020337,Steve,Smith,142.4,0,0,0,22,0,982,7,0
2009,00-0025438,Steve,Smith,158.3,0,0,0,0,0,1163,7,0
2009,00-0025631,Jason,Snelling,98.4,0,0,0,466,4,238,1,1
2009,00-0026498,Matthew,Stafford,123.48,2267,13,20,108,2,0,0,1
2009,00-0025430,Drew,Stanton,5.66,259,0,6,33,1,0,0,1
2009,00-0026153,Jonathan,Stewart,170.7,0,0,0,1008,9,139,1,2
2009,00-0024813,Pierre,Thomas,155.5,0,0,0,793,6,302,2,1
2009,00-0020536,LaDainian,Tomlinson,154.6,0,0,0,729,12,137,0,2
2009,00-0022821,Michael,Turner,146.6,0,0,0,871,10,35,0,2
2009,00-0026901,Mike,Wallace,102.0,0,0,0,48,0,692,5,1
2009,00-0022055,Seneca,Wallace,40.42,683,3,2,2,1,29,0,2
2009,00-0022770,Derrick,Ward,74.4,0,0,0,414,1,150,2,0
2009,00-0017162,Hines,Ward,144.6,0,0,0,0,0,1106,6,1
2009,00-0017200,Kurt,Warner,218.08,3727,27,14,10,0,0,0,6
2009,00-0020498,Reggie,Wayne,182.3,0,0,1,0,0,1243,10,0
2009,00-0022427,Wes,Welker,161.2,0,0,0,36,0,1336,4,0
2009,00-0027007,Beanie,Wells,129.7,0,0,0,774,7,143,0,2
2009,00-0023462,Roddy,White,168.9,0,0,0,2,0,1087,10,0
2009,00-0023440,Cadillac,Williams,138.0,0,0,0,776,4,184,3,0
2009,00-0024242,DeAngelo,Williams,172.9,0,0,0,1117,7,252,0,3
2009,00-0017915,Ricky,Williams,207.0,0,0,1,1090,11,260,2,2
2009,00-0022922,Kellen,Winslow,113.5,0,0,0,7,0,828,5,0
2009,00-0022127,Jason,Witten,101.4,0,0,0,0,0,954,1,0
2009,00-0024218,Vince,Young,132.62,1708,10,6,283,2,0,0,2
2010,00-0024245,Joseph,Addai,79.5,0,0,0,451,4,124,0,1
2010,00-0026035,Danny,Amendola,92.1,0,0,0,81,0,680,3,1
2010,00-0023645,Derek,Anderson,87.1,2065,7,10,25,0,0,0,3
2010,00-0026465,Anthony,Armstrong,88.7,0,0,0,0,0,787,2,1
2010,00-0023921,Miles,Austin,151.2,0,0,0,102,1,970,7,2
2010,00-0023544,Marion,Barber,66.0,0,0,0,371,4,49,0,0
2010,00-0000865,Charlie,Batch,23.08,352,3,3,30,0,0,0,0
2010,00-0023439,Cedric,Benson,160.4,0,0,0,1058,7,166,1,5
2010,00-0026000,Davone,Bess,98.2,0,0,0,0,0,782,4,2
2010,00-0027880,Jahvid,Best,133.3,0,0,0,529,4,464,2,1
2010,00-0027325,LeGarrette,Blount,127.3,0,0,0,941,6,12,0,2
2010,00-0022084,Anquan,Boldin,122.76,-6,0,0,2,0,828,7,1
2010,00-0025410,Dwayne,Bowe,199.8,0,0,0,4,0,1094,15,0
2010,00-0027854,Sam,Bradford,186.58,3357,18,14,63,1,0,0,2
2010,00-0025637,Ahmad,Bradshaw,187.9,0,0,0,1213,8,306,0,6
2010,00-0019596,Tom,Brady,283.04,3701,34,4,30,1,0,0,1
2010,00-0021192,Deion,Branch,115.8,0,0,0,0,0,818,6,1
2010,00-0025529,Steve,Breaston,79.38,17,0,0,35,0,692,1,0
2010,00-0020531,Drew,Brees,261.92,4438,32,21,-3,0,7,0,1
2010,00-0027006,Kenny,Britt,115.0,0,0,0,0,0,690,8,1
2010,00-0027003,Donald,Brown,81.3,0,0,0,488,2,205,0,0
2010,00-0023437,Ronnie,Brown,118.3,0,0,0,720,5,203,0,2
2010,00-0025487,Michael,Bush,109.8,0,0,0,518,7,160,0,0
2010,00-0023460,Jason,Campbell,144.66,2244,12,8,188,1,1,0,1
2010,00-0023662,Matt,Cassel,228.54,3001,27,5,125,0,0,0,1
2010,00-0026213,Jamaal,Charles,221.5,0,0,0,1380,4,455,3,2
2010,00-0027659,Jimmy,Clausen,48.74,1376,2,8,57,0,0,0,2
2010,00-0003292,Kerry,Collins,88.82,1523,12,8,-1,0,0,0,2
2010,00-0024466,Marques,Colston,144.3,0,0,0,1,0,1022,7,0
2010,00-0022738,Chris,Cooley,95.6,0,0,0,0,0,796,3,1
2010,00-0026986,Michael,Crabtree,105.4,0,0,0,0,0,694,6,0
2010,00-0024226,Jay,Cutler,204.64,3106,23,14,224,1,0,0,6
2010,00-0024221,Vernon,Davis,118.9,0,0,0,0,0,829,6,0
2010,00-0004161,Jake,Delhomme,27.28,887,2,7,-2,0,0,0,1
2010,00-0023438,Braylon,Edwards,119.6,0,0,0,4,0,852,6,1
2010,00-0025479,Trent,Edwards,15.24,381,1,4,40,0,0,0,0
2010,00-0005106,Brett,Favre,97.16,2509,11,19,8,0,0,0,5
2010,00-0022921,Larry,Fitzgerald,131.2,0,0,0,0,0,1012,5,0
2010,00-0023682,Ryan,Fitzpatrick,198.78,2992,23,15,271,0,0,0,5
2010,00-0026158,Joe,Flacco,228.18,3497,25,9,83,1,0,0,4
2010,00-0026349,Matt,Flynn,25.92,433,3,2,26,0,0,0,1
2010,00-0026373,Justin,Forsett,84.2,0,0,0,495,2,227,0,0
2010,00-0026184,Matt,Forte,196.5,0,0,0,978,6,487,3,2
2010,00-0026796,Arian,Foster,294.8,0,0,0,1434,14,594,2,2
2010,00-0026993,Josh,Freeman,239.14,3196,23,6,353,0,0,0,2
2010,00-0021163,Jabar,Gaffney,98.3,0,0,0,0,0,863,2,0
2010,00-0026345,Pierre,Garcon,102.4,0,0,0,6,0,738,5,1
2010,00-0021231,David,Garrard,220.36,2734,23,15,270,5,0,0,4
2010,00-0021547,Antonio,Gates,138.2,0,0,0,0,0,782,10,0
2010,00-0027080,Mike,Goodson,89.9,0,0,0,438,3,321,0,2
2010,00-0023500,Frank,Gore,156.5,0,0,0,853,3,452,2,2
2010,00-0024408,Bruce,Gradkowski,48.46,1059,5,7,41,0,0,0,2
2010,00-0025860,BenJarvus,Green-Ellis,172.7,0,0,0,928,12,79,0,0
2010,00-0026899,Shonn,Greene,96.6,0,0,0,766,2,120,0,2
2010,00-0022121,Rex,Grossman,32.32,548,5,3,4,0,0,0,2
2010,00-0027347,Max,Hall,2.54,376,1,6,-5,0,0,0,2
2010,00-0026998,Percy,Harvin,125.0,0,0,0,111,1,799,5,1
2010,00-0007091,Matt,Hasselbeck,147.92,2998,12,17,60,3,0,0,5
2010,00-0026197,Chad,Henne,156.28,3227,15,17,52,0,0,0,2
2010,00-0026289,Tim,Hightower,106.0,0,0,0,706,5,134,0,4
2010,00-0020679,Shaun,Hill,149.36,2454,16,11,112,0,0,0,1
2010,00-0026367,Peyton,Hillis,231.22,13,0,0,1164,11,463,2,5
2010,00-0024240,Santonio,Holmes,100.6,0,0,0,17,0,729,5,2
2010,00-0027531,Chris,Ivory,96.0,0,0,0,683,5,17,0,2
2010,00-0025450,Brandon,Jackson,125.0,0,0,0,684,3,326,1,0
2010,00-0026189,DeSean,Jackson,156.0,0,0,0,104,1,1056,6,1
2010,00-0024204,Fred,Jackson,147.4,0,0,0,892,5,202,2,2
2010,00-0022736,Steven,Jackson,187.8,0,0,0,1194,6,344,0,1
2010,00-0024279,Tarvaris,Jackson,23.94,341,3,4,63,0,0,0,0
2010,00-0023545,Brandon,Jacobs,127.3,0,0,0,774,8,59,0,2
2010,00-0024267,Greg,Jennings,188.7,0,0,0,-1,0,1168,12,0
2010,00-0027155,Rashad,Jennings,72.0,0,0,0,351,3,189,0,0
2010,00-0022044,Andre,Johnson,170.6,0,0,0,10,0,1216,8,0
2010,00-0025389,Calvin,Johnson,195.8,0,0,0,32,0,1146,13,0
2010,00-0020397,Chad,Johnson,107.1,0,0,0,0,0,831,4,0
2010,00-0026164,Chris,Johnson,213.9,0,0,0,1325,11,194,0,2
2010,00-0026364,Steve,Johnson,160.1,0,0,0,0,0,1001,10,0
2010,00-0026162,Felix,Jones,127.3,0,0,0,719,1,454,1,1
2010,00-0019641,Thomas,Jones,134.3,0,0,0,879,6,124,0,1
2010,00-0024275,Maurice,Jones-Drew,199.3,0,0,1,1316,5,317,2,2
2010,00-0026170,Dustin,Keller,98.7,0,0,0,0,0,687,5,0
2010,00-0009311,Jon,Kitna,153.6,2365,16,12,150,1,0,0,1
2010,00-0026913,Johnny,Knox,124.2,0,0,0,2,0,960,5,1
2010,00-0025423,Kevin,Kolb,59.1,1035,6,4,57,0,0,0,2
2010,00-0024243,Marcedes,Lewis,119.4,0,0,0,0,0,674,9,1
2010,00-0022097,Brandon,Lloyd,197.5,0,0,0,0,0,1375,10,0
2010,00-0025399,Marshawn,Lynch,111.4,0,0,0,662,6,152,0,3
2010,00-0026995,Jeremy,Maclin,158.0,0,0,0,36,0,964,10,1
2010,00-0022803,Eli,Manning,218.26,3759,30,24,59,0,0,0,5
2010,00-0010346,Peyton,Manning,267.24,4436,31,17,18,0,0,0,1
2010,00-0026235,Mario,Manningham,130.5,0,0,0,2,0,843,8,1
2010,00-0024334,Brandon,Marshall,108.0,0,0,0,3,0,917,3,1
2010,00-0010500,Derrick,Mason,118.8,0,0,0,0,0,768,7,0
2010,00-0027864,Ryan,Mathews,86.1,0,0,0,555,4,126,0,3
2010,00-0027688,Colt,McCoy,81.24,1356,5,6,117,1,13,0,0
2010,00-0027029,LeSean,McCoy,219.2,0,0,0,1080,7,592,2,1
2010,00-0026144,Darren,McFadden,220.4,0,0,0,1157,7,507,3,3
2010,00-0022178,Willis,McGahee,73.9,0,0,0,372,5,47,1,2
2010,00-0011022,Donovan,McNabb,174.18,3377,14,15,151,0,0,0,1
2010,00-0026163,Rashard,Mendenhall,200.1,0,0,0,1238,11,143,0,2
2010,00-0023310,Lance,Moore,118.4,0,0,0,0,0,724,8,1
2010,00-0025708,Matt,Moore,32.78,857,5,10,25,0,0,0,2
2010,00-0026988,Knowshon,Moreno,154.8,0,0,0,738,5,370,3,2
2010,00-0020494,Santana,Moss,137.5,0,0,0,-6,0,1041,6,1
2010,00-0027005,Hakeem,Nicks,171.2,0,0,0,0,0,1052,11,0
2010,00-0023541,Kyle,Orton,209.88,3652,20,9,98,0,0,0,4
2010,00-0012478,Terrell,Owens,153.8,0,0,0,0,0,998,9,0
2010,00-0021429,Carson,Palmer,211.9,3680,25,18,47,0,0,0,2
2010,00-0025394,Adrian,Peterson,237.0,0,0,0,1267,12,343,1,1
2010,00-0026996,Brandon,Pettigrew,94.3,0,0,0,0,0,703,4,0
2010,00-0026195,Ray,Rice,200.2,0,0,0,1146,4,556,1,0
2010,00-0022942,Philip,Rivers,268.98,4397,30,12,51,0,0,0,4
2010,00-0023459,Aaron,Rodgers,291.22,3693,27,10,335,4,0,0,1
2010,00-0022924,Ben,Roethlisberger,190.0,2920,15,5,152,2,0,0,2
2010,00-0021678,Tony,Romo,98.74,1596,11,7,38,0,11,0,0
2010,00-0026143,Matt,Ryan,230.26,3469,26,9,115,0,0,0,3
2010,00-0026898,Mark,Sanchez,200.14,3291,17,13,105,3,0,0,1
2010,00-0022787,Matt,Schaub,229.34,4116,23,12,27,0,0,0,3
2010,00-0027754,John,Skelton,26.8,570,1,1,40,0,0,0,1
2010,00-0023436,Alex,Smith,114.3,2105,12,10,61,0,0,0,2
2010,00-0025561,Troy,Smith,77.14,1176,5,4,121,1,0,0,0
2010,00-0026498,Matthew,Stafford,48.5,535,6,1,11,1,0,0,1
2010,00-0025430,Drew,Stanton,56.5,780,4,3,113,1,0,0,1
2010,00-0026153,Jonathan,Stewart,94.2,0,0,0,739,2,103,1,4
2010,00-0027876,Tim,Tebow,71.26,449,3,1,133,5,0,0,0
2010,00-0027076,Mike,Thomas,108.2,0,0,0,94,0,808,4,3
2010,00-0026069,Mike,Tolbert,155.1,0,0,0,735,11,216,0,3
2010,00-0020536,LaDainian,Tomlinson,164.2,0,0,0,914,6,368,0,0
2010,00-0026279,Ryan,Torain,113.8,0,0,0,681,4,117,2,1
2010,00-0022821,Michael,Turner,202.7,0,0,0,1302,11,85,0,1
2010,00-0020245,Mike,Vick,308.32,3018,21,6,676,9,0,0,3
2010,00-0026901,Mike,Wallace,173.1,0,0,0,39,0,1152,9,0
2010,00-0022055,Seneca,Wallace,41.52,693,4,2,9,0,9,0,0
2010,00-0017162,Hines,Ward,92.8,0,0,0,-2,0,710,4,1
2010,00-0022943,Benjamin,Watson,87.5,0,0,0,-1,0,696,3,0
2010,00-0020498,Reggie,Wayne,156.7,0,0,0,0,0,1287,5,1
2010,00-0022427,Wes,Welker,126.8,0,0,0,0,0,848,7,0
2010,00-0027007,Beanie,Wells,56.9,0,0,0,381,2,68,0,0
2010,00-0023462,Roddy,White,185.0,0,0,0,3,0,1327,9,1
2010,00-0023440,Cadillac,Williams,94.5,0,0,0,430,2,355,1,1
2010,00-0024242,DeAngelo,Williams,46.2,0,0,0,361,1,61,0,1
2010,00-0023452,Mike,Williams,79.5,0,0,0,0,0,735,1,0
2010,00-0027702,Mike,Williams,147.5,0,0,0,0,0,915,10,2
2010,00-0017915,Ricky,Williams,96.9,0,0,0,668,2,141,1,1
2010,00-0022922,Kellen,Winslow,100.2,0,0,0,0,0,702,5,0
2010,00-0022127,Jason,Witten,141.6,0,0,0,0,0,956,8,1
2010,00-0026019,Danny,Woodhead,126.7,0,0,0,528,5,379,1,0
2010,00-0024218,Vince,Young,88.7,1255,10,3,125,0,0,0,4
2011,00-0028434,Doug,Baldwin,98.6,0,0,0,-2,0,748,4,0
2011,00-0023544,Marion,Barber,81.2,0,0,0,422,6,50,0,1
2011,00-0025701,Jackie,Battle,78.5,0,0,0,597,2,68,0,0
2011,00-0025427,John,Beck,48.62,858,2,4,43,2,0,0,1
2011,00-0023439,Cedric,Benson,140.8,0,0,0,1016,6,72,0,2
2011,00-0027325,LeGarrette,Blount,114.3,0,0,0,769,5,134,0,3
2011,00-0022084,Anquan,Boldin,106.7,0,0,0,0,0,887,3,0
2011,00-0025410,Dwayne,Bowe,137.8,0,0,0,12,0,1066,5,0
2011,00-0027854,Sam,Bradford,86.88,2157,6,6,26,0,0,0,7
2011,00-0025637,Ahmad,Bradshaw,137.7,0,0,0,602,8,255,1,1
2011,00-0019596,Tom,Brady,342.94,4901,36,11,109,3,0,0,2
2011,00-0021192,Deion,Branch,100.2,0,0,0,0,0,702,5,0
2011,00-0025529,Steve,Breaston,92.1,0,0,0,25,0,776,2,0
2011,00-0020531,Drew,Brees,355.94,5146,41,13,81,1,0,0,1
2011,00-0027793,Antonio,Brown,117.9,0,0,0,41,0,1018,2,0
2011,00-0027003,Donald,Brown,99.2,0,0,0,621,5,71,0,0
2011,00-0027902,Dez,Bryant,138.3,0,0,0,5,0,858,9,1
2011,00-0021999,Nate,Burleson,94.8,0,0,0,76,0,712,3,1
2011,00-0025487,Michael,Bush,177.6,0,0,0,911,7,405,1,1
2011,00-0024217,Reggie,Bush,177.3,0,0,0,1097,6,296,1,2
2011,00-0023460,Jason,Campbell,78.8,1170,6,4,60,2,0,0,1
2011,00-0023662,Matt,Cassel,96.02,1713,10,9,99,0,-4,0,2
2011,00-0025549,Brent,Celek,96.5,0,0,0,0,0,725,4,0
2011,00-0024264,Kellen,Clemens,18.7,320,1,0,19,0,0,0,0
2011,00-0003292,Kerry,Collins,19.14,481,2,1,-1,0,0,0,3
2011,00-0024466,Marques,Colston,135.9,0,0,0,0,0,1019,6,1
2011,00-0026986,Michael,Crabtree,90.8,0,0,0,0,0,788,2,0
2011,00-0027265,Victor,Cruz,183.0,0,0,0,3,0,1367,8,1
2011,00-0024226,Jay,Cutler,136.36,2319,13,7,56,1,0,0,3
2011,00-0027973,Andy,Dalton,196.14,3166,20,13,135,1,0,0,2
2011,00-0026188,Fred,Davis,95.3,0,0,0,0,0,793,3,1
2011,00-0020305,A.J.,Feeley,18.32,548,1,2,4,0,0,0,2
2011,00-0026231,Jermichael,Finley,112.3,0,0,0,0,0,703,7,0
2011,00-0022921,Larry,Fitzgerald,174.2,0,0,0,0,0,1262,8,0
2011,00-0023682,Ryan,Fitzpatrick,204.2,3525,22,19,172,0,0,0,2
2011,00-0026158,Joe,Flacco,193.3,3480,19,12,89,1,-8,0,6
2011,00-0022414,Malcom,Floyd,96.9,0,0,0,0,0,729,4,0
2011,00-0026184,Matt,Forte,168.7,0,0,0,997,3,490,1,2
2011,00-0026796,Arian,Foster,250.1,0,0,0,1224,10,617,2,3
2011,00-0026993,Josh,Freeman,188.44,3316,14,19,224,4,-6,0,4
2011,00-0027948,Blaine,Gabbert,108.98,2122,11,11,101,0,0,0,4
2011,00-0021163,Jabar,Gaffney,119.9,0,0,0,0,0,919,5,1
2011,00-0026345,Pierre,Garcon,127.3,0,0,0,28,0,925,6,2
2011,00-0027888,Toby,Gerhart,89.1,0,0,0,464,1,187,3,0
2011,00-0006101,Tony,Gonzalez,128.7,0,0,0,0,0,867,7,0
2011,00-0023500,Frank,Gore,175.6,0,0,0,1202,8,114,0,2
2011,00-0027696,Jimmy,Graham,179.3,0,0,0,0,0,1213,10,1
2011,00-0022984,Ryan,Grant,79.9,0,0,0,511,2,188,0,1
2011,00-0027942,A.J.,Green,150.4,0,0,0,53,0,1031,7,0
2011,00-0025860,BenJarvus,Green-Ellis,128.9,0,0,0,643,9,106,0,0
2011,00-0026899,Shonn,Greene,157.0,0,0,0,999,6,211,0,0
2011,00-0027656,Rob,Gronkowski,218.1,0,0,0,2,1,1219,15,0
2011,00-0022121,Rex,Grossman,134.78,2892,15,19,11,1,0,0,5
2011,00-0025970,Caleb,Hanie,28.32,613,3,9,98,0,0,0,0
2011,00-0026998,Percy,Harvin,156.1,0,0,0,329,1,852,6,2
2011,00-0007091,Matt,Hasselbeck,170.26,3274,16,14,53,0,0,0,1
2011,00-0028043,Roy,Helu,104.6,0,0,0,635,2,331,0,2
2011,00-0026197,Chad,Henne,58.82,868,4,4,101,1,0,0,0
2011,00-0027713,Aaron,Hernandez,113.1,0,0,0,19,0,772,6,1
2011,00-0026983,Darrius,Heyward-Bey,100.5,0,0,0,0,0,845,3,1
2011,00-0026367,Peyton,Hillis,85.0,0,0,0,557,3,133,0,1
2011,00-0027966,Mark,Ingram,80.4,0,0,0,478,5,46,0,1
2011,00-0026189,DeSean,Jackson,107.6,0,0,0,41,0,875,3,1
2011,00-0024204,Fred,Jackson,169.6,0,0,0,934,6,442,0,2
2011,00-0022736,Steven,Jackson,172.7,0,0,0,1069,5,318,1,1
2011,00-0024279,Tarvaris,Jackson,149.46,2869,13,12,107,1,0,0,5
2011,00-0023496,Vincent,Jackson,156.7,0,0,0,10,0,1077,8,0
2011,00-0023545,Brandon,Jacobs,116.3,0,0,0,555,7,128,1,0
2011,00-0024267,Greg,Jennings,148.9,0,0,0,0,0,949,9,0
2011,00-0025389,Calvin,Johnson,232.8,0,0,0,11,0,1437,15,1
2011,00-0026164,Chris,Johnson,157.5,0,0,0,986,4,369,0,1
2011,00-0026364,Steve,Johnson,132.4,0,0,0,0,0,964,6,0
2011,00-0026162,Felix,Jones,74.1,0,0,0,547,1,174,0,2
2011,00-0027944,Julio,Jones,127.0,0,0,0,47,0,883,6,1
2011,00-0019641,Thomas,Jones,47.9,0,0,0,436,0,43,0,0
2011,00-0024275,Maurice,Jones-Drew,244.7,0,0,0,1437,8,370,3,1
2011,00-0026170,Dustin,Keller,99.0,0,0,0,0,0,770,4,1
2011,00-0026913,Johnny,Knox,82.7,0,0,0,0,0,727,2,1
2011,00-0025423,Kevin,Kolb,98.7,1955,9,8,65,0,0,0,3
2011,00-0027997,Greg,Little,84.4,0,0,0,15,0,709,2,0
2011,00-0022097,Brandon,Lloyd,110.6,0,0,0,0,0,866,4,0
2011,00-0027946,Jake,Locker,49.28,542,4,0,56,1,0,0,0
2011,00-0025399,Marshawn,Lynch,206.5,0,0,0,1118,12,207,1,2
2011,00-0026995,Jeremy,Maclin,103.5,0,0,0,1,0,754,5,1
2011,00-0022803,Eli,Manning,252.66,4564,26,16,1,1,0,0,4
2011,00-0024334,Brandon,Marshall,151.1,0,0,0,0,0,1171,6,1
2011,00-0027864,Ryan,Mathews,186.6,0,0,0,1091,6,455,0,2
2011,00-0027651,Dexter,McCluster,75.8,0,0,0,449,0,309,1,3
2011,00-0022864,Luke,McCown,4.14,296,0,4,23,0,0,0,1
2011,00-0027688,Colt,McCoy,160.22,2733,14,11,214,0,-5,0,2
2011,00-0027029,LeSean,McCoy,280.4,0,0,0,1309,17,315,3,1
2011,00-0026144,Darren,McFadden,104.8,0,0,0,614,4,154,1,1
2011,00-0022178,Willis,McGahee,134.5,0,0,0,1054,4,51,1,3
2011,00-0011022,Donovan,McNabb,64.94,1026,4,2,59,1,0,0,0
2011,00-0026163,Rashard,Mendenhall,155.7,0,0,0,890,9,147,0,1
2011,00-0025708,Matt,Moore,148.06,2369,15,7,73,2,0,0,6
2011,00-0028009,DeMarco,Murray,119.8,0,0,0,895,2,183,0,0
2011,00-0026176,Jordy,Nelson,182.1,0,0,0,0,0,1101,12,0
2011,00-0027939,Cam,Newton,354.12,3893,20,16,677,14,27,0,2
2011,00-0027005,Hakeem,Nicks,144.4,0,0,0,0,0,1084,6,0
2011,00-0023578,Dan,Orlovsky,49.28,937,5,2,-2,0,0,0,2
2011,00-0023541,Kyle,Orton,78.52,1578,9,9,14,0,0,0,2
2011,00-0027134,Curtis,Painter,72.34,1541,6,9,107,0,0,0,3
2011,00-0024812,Tyler,Palko,25.58,802,2,7,15,0,0,0,1
2011,00-0021429,Carson,Palmer,112.76,2334,11,15,14,1,0,0,1
2011,00-0025394,Adrian,Peterson,189.2,0,0,0,973,12,139,1,0
2011,00-0027950,Christian,Ponder,118.9,1825,13,12,219,0,0,0,2
2011,00-0026195,Ray,Rice,264.74,1,1,0,1171,10,696,3,2
2011,00-0022942,Philip,Rivers,230.46,4314,24,19,39,1,0,0,5
2011,00-0025462,Laurent,Robinson,133.7,0,0,0,0,0,797,9,0
2011,00-0023459,Aaron,Rodgers,397.18,4637,45,6,257,3,0,0,0
2011,00-0022924,Ben,Roethlisberger,207.24,3856,21,14,70,0,0,0,5
2011,00-0021678,Tony,Romo,260.1,3895,29,9,43,1,0,0,2
2011,00-0026143,Matt,Ryan,261.74,4071,27,12,89,2,0,0,3
2011,00-0026898,Mark,Sanchez,226.78,3267,24,15,101,6,0,0,8
2011,00-0022787,Matt,Schaub,158.06,2479,15,6,9,2,0,0,1
2011,00-0027754,John,Skelton,88.58,1642,10,13,109,0,0,0,1
2011,00-0023436,Alex,Smith,190.74,2931,16,5,175,1,0,0,2
2011,00-0020337,Steve,Smith,170.3,0,0,0,55,0,1308,6,1
2011,00-0027996,Torrey,Smith,126.7,0,0,0,39,0,808,7,0
2011,00-0027861,C.J.,Spiller,103.0,0,0,0,501,4,229,1,0
2011,00-0023564,Darren,Sproles,172.5,0,0,0,564,2,681,6,0
2011,00-0026498,Matthew,Stafford,302.88,4527,36,14,78,0,0,0,1
2011,00-0027791,James,Starks,83.4,0,0,0,578,1,216,0,1
2011,00-0026153,Jonathan,Stewart,132.8,0,0,0,682,3,406,1,0
2011,00-0027890,Ben,Tate,103.9,0,0,0,845,3,74,0,3
2011,00-0027876,Tim,Tebow,195.76,1669,12,6,650,6,0,0,4
2011,00-0028000,Daniel,Thomas,65.3,0,0,0,553,0,60,1,1
2011,00-0024813,Pierre,Thomas,126.1,0,0,0,532,5,389,1,1
2011,00-0026069,Mike,Tolbert,137.4,0,0,0,434,7,420,2,1
2011,00-0022821,Michael,Turner,183.6,0,0,0,1168,9,168,0,2
2011,00-0020245,Mike,Vick,211.42,2968,15,13,587,1,0,0,3
2011,00-0026901,Mike,Wallace,169.9,0,0,0,57,0,1182,8,1
2011,00-0022055,Seneca,Wallace,24.3,390,2,1,26,0,21,0,1
2011,00-0023367,Nate,Washington,135.6,0,0,0,5,1,931,6,0
2011,00-0020498,Reggie,Wayne,112.7,0,0,0,0,0,887,4,0
2011,00-0022427,Wes,Welker,209.2,0,0,0,30,0,1522,9,0
2011,00-0027007,Beanie,Wells,165.9,0,0,0,1047,10,52,0,2
2011,00-0023462,Roddy,White,170.7,0,0,0,0,0,1227,8,0
2011,00-0024296,Charlie,Whitehurst,12.92,298,1,1,10,0,0,0,1
2011,00-0024242,DeAngelo,Williams,131.8,0,0,0,783,7,115,0,0
2011,00-0027702,Mike,Williams,88.3,0,0,0,3,0,740,3,2
2011,00-0017915,Ricky,Williams,57.9,0,0,0,416,2,83,0,2
2011,00-0022922,Kellen,Winslow,80.7,0,0,0,0,0,707,2,1
2011,00-0022127,Jason,Witten,117.3,0,0,0,0,0,873,5,0
2011,00-0028090,T.J.,Yates,41.78,902,3,3,57,0,0,0,3
2011,00-0024218,Vince,Young,40.54,866,4,9,79,0,0,0,0
2012,00-0023921,Miles,Austin,128.3,0,0,0,0,0,943,6,1
2012,00-0026173,Donnie,Avery,97.0,0,0,0,9,0,781,3,0
2012,00-0029547,Vick,Ballard,99.9,0,0,0,736,1,143,1,0
2012,00-0000865,Charlie,Batch,15.0,475,1,4,0,0,0,0,0
2012,00-0027218,Joique,Bell,103.4,0,0,0,408,3,466,0,1
2012,00-0026000,Davone,Bess,83.8,0,0,0,0,0,778,1,0
2012,00-0029707,Justin,Blackmon,103.8,0,0,0,12,0,786,4,0
2012,00-0022084,Anquan,Boldin,116.4,0,0,0,3,0,921,4,0
2012,00-0025410,Dwayne,Bowe,95.7,0,0,0,0,0,797,3,1
2012,00-0027854,Sam,Bradford,210.2,3450,20,12,122,1,0,0,1
2012,00-0025637,Ahmad,Bradshaw,135.2,0,0,0,908,5,204,0,3
2012,00-0019596,Tom,Brady,319.8,4515,32,8,32,4,0,0,0
2012,00-0020531,Drew,Brees,315.74,4781,39,18,5,1,0,0,1
2012,00-0027094,Andre,Brown,95.1,0,0,0,385,8,86,0,0
2012,00-0027793,Antonio,Brown,97.5,0,0,1,30,0,765,4,2
2012,00-0029429,Bryce,Brown,77.6,0,0,0,546,4,50,0,3
2012,00-0027003,Donald,Brown,57.0,0,0,0,417,1,93,0,0
2012,00-0027902,Dez,Bryant,196.1,0,0,0,-5,0,1286,12,2
2012,00-0025487,Michael,Bush,77.4,0,0,0,411,5,83,0,1
2012,00-0024217,Reggie,Bush,166.9,0,0,0,960,6,269,2,2
2012,00-0023460,Jason,Campbell,17.4,265,2,2,28,0,0,0,0
2012,00-0023662,Matt,Cassel,80.34,1796,6,12,145,1,0,0,6
2012,00-0026213,Jamaal,Charles,198.2,0,0,0,1460,5,222,1,3
2012,00-0028002,Randall,Cobb,154.6,0,0,0,132,0,954,8,1
2012,00-0024466,Marques,Colston,154.2,0,0,0,0,0,1102,8,2
2012,00-0029604,Kirk,Cousins,30.84,466,4,3,22,0,0,0,0
2012,00-0026986,Michael,Crabtree,136.1,0,0,0,8,0,933,7,0
2012,00-0027265,Victor,Cruz,158.0,0,0,0,0,0,1040,9,0
2012,00-0024226,Jay,Cutler,167.44,2776,18,14,204,0,0,0,4
2012,00-0027973,Andy,Dalton,243.24,3591,26,16,116,4,0,0,4
2012,00-0027690,Eric,Decker,164.8,0,0,0,0,0,988,11,0
2012,00-0027786,Jonathan,Dwyer,74.8,0,0,0,571,2,97,0,2
2012,00-0022921,Larry,Fitzgerald,102.5,0,0,0,0,0,785,4,0
2012,00-0023682,Ryan,Fitzpatrick,201.1,3175,23,16,201,1,0,0,6
2012,00-0026158,Joe,Flacco,231.52,3783,22,10,22,3,0,0,4
2012,00-0022414,Malcom,Floyd,111.4,0,0,0,0,0,814,5,0
2012,00-0029567,Nick,Foles,86.24,1701,6,5,42,1,0,0,3
2012,00-0026373,Justin,Forsett,61.4,0,0,0,456,2,38,0,0
2012,00-0026184,Matt,Forte,159.0,0,0,0,991,4,319,1,1
2012,00-0026796,Arian,Foster,242.9,0,0,0,1315,14,194,2,2
2012,00-0026993,Josh,Freeman,235.12,3843,26,16,134,0,0,0,2
2012,00-0027948,Blaine,Gabbert,90.08,1662,9,6,56,0,0,0,3
2012,00-0006101,Tony,Gonzalez,136.9,0,0,0,0,0,889,8,0
2012,00-0029664,Josh,Gordon,106.6,0,0,0,0,0,766,5,0
2012,00-0023500,Frank,Gore,181.7,0,0,0,1144,7,213,1,1
2012,00-0027696,Jimmy,Graham,134.7,0,0,0,0,0,867,8,0
2012,00-0027942,A.J.,Green,200.2,0,0,0,38,0,1324,11,1
2012,00-0028034,Alex,Green,58.9,0,0,0,456,0,133,0,0
2012,00-0025860,BenJarvus,Green-Ellis,151.8,0,0,0,1094,6,104,0,2
2012,00-0026899,Shonn,Greene,159.7,0,0,0,989,8,148,0,1
2012,00-0027873,Jermaine,Gresham,101.7,0,0,0,0,0,737,5,1
2012,00-0029665,Robert,Griffin III,303.44,3111,20,5,770,6,0,0,2
2012,00-0027656,Rob,Gronkowski,132.8,0,0,0,0,0,748,10,1
2012,00-0027077,Brian,Hartline,105.4,0,0,0,0,0,1014,1,1
2012,00-0007091,Matt,Hasselbeck,74.24,1361,7,5,38,0,0,0,1
2012,00-0026197,Chad,Henne,98.86,1794,9,8,51,1,0,0,2
2012,00-0020679,Shaun,Hill,14.78,172,2,0,-1,0,0,0,0
2012,00-0029608,T.Y.,Hilton,113.9,0,0,0,29,0,750,6,0
2012,00-0026625,Brian,Hoyer,2.2,105,0,1,0,0,0,0,0
2012,00-0028053,Kendall,Hunter,53.1,0,0,0,371,2,60,0,1
2012,00-0027966,Mark,Ingram,89.2,0,0,0,563,5,29,0,0
2012,00-0024204,Fred,Jackson,81.4,0,0,0,437,3,217,1,4
2012,00-0022736,Steven,Jackson,150.6,0,0,0,990,4,276,0,0
2012,00-0023496,Vincent,Jackson,181.4,0,0,0,0,0,1334,8,0
2012,00-0022044,Andre,Johnson,169.7,0,0,0,0,0,1457,4,0
2012,00-0025389,Calvin,Johnson,213.2,0,0,0,0,0,1892,5,3
2012,00-0026164,Chris,Johnson,162.4,0,0,0,1187,5,217,0,4
2012,00-0026364,Steve,Johnson,127.5,0,0,0,0,0,935,6,1
2012,00-0026162,Felix,Jones,90.0,0,0,0,378,3,262,2,2
2012,00-0025465,James,Jones,150.2,0,0,0,0,0,722,13,0
2012,00-0027944,Julio,Jones,177.2,0,0,0,30,0,1142,10,0
2012,00-0024275,Maurice,Jones-Drew,62.0,0,0,0,414,1,86,1,0
2012,00-0027974,Colin,Kaepernick,154.52,1533,8,3,412,5,0,0,2
2012,00-0028091,Jeremy,Kerley,82.38,42,0,0,8,0,739,2,3
2012,00-0025423,Kevin,Kolb,85.06,1169,8,3,103,1,0,0,2
2012,00-0022177,Byron,Leftwich,18.06,274,0,1,31,1,0,0,0
2012,00-0024225,Matt,Leinart,2.6,115,0,1,0,0,0,0,0
2012,00-0027995,Mikel,Leshoure,141.5,0,0,0,741,9,194,0,3
2012,00-0029531,Ryan,Lindley,12.78,752,0,7,7,0,0,0,2
2012,00-0022097,Brandon,Lloyd,114.2,0,0,0,0,0,902,4,0
2012,00-0027946,Jake,Locker,125.76,2024,10,11,288,1,0,0,4
2012,00-0029668,Andrew,Luck,260.72,4183,21,18,254,5,0,0,5
2012,00-0025399,Marshawn,Lynch,235.2,0,0,0,1490,11,182,1,2
2012,00-0026995,Jeremy,Maclin,117.5,0,0,0,0,0,835,6,1
2012,00-0022803,Eli,Manning,204.6,3740,21,15,30,0,0,0,1
2012,00-0010346,Peyton,Manning,285.22,4363,34,11,7,0,0,0,2
2012,00-0024334,Brandon,Marshall,212.6,0,0,0,0,0,1466,11,0
2012,00-0029613,Doug,Martin,240.6,0,0,0,1312,10,454,1,1
2012,00-0027864,Ryan,Mathews,97.9,0,0,0,707,1,252,0,2
2012,00-0027688,Colt,McCoy,8.66,79,1,0,15,0,0,0,0
2012,00-0027029,LeSean,McCoy,134.7,0,0,0,795,2,312,3,3
2012,00-0028146,Greg,McElroy,11.56,214,1,1,30,0,0,0,1
2012,00-0026144,Darren,McFadden,104.6,0,0,0,650,2,256,1,2
2012,00-0022178,Willis,McGahee,111.2,0,0,0,731,4,221,0,4
2012,00-0023465,Heath,Miller,129.6,0,0,0,0,0,816,8,0
2012,00-0028086,Denarius,Moore,109.1,0,0,0,-5,0,736,6,0
2012,00-0023310,Lance,Moore,128.0,0,0,0,0,0,920,6,0
2012,00-0025708,Matt,Moore,8.94,131,1,0,-3,0,0,0,0
2012,00-0026988,Knowshon,Moreno,80.1,0,0,0,484,3,157,0,1
2012,00-0029141,Alfred,Morris,201.1,0,0,0,1406,10,65,0,3
2012,00-0028009,DeMarco,Murray,102.8,0,0,0,587,4,241,0,2
2012,00-0027135,Brandon,Myers,100.2,0,0,0,0,0,762,4,0
2012,00-0027939,Cam,Newton,314.14,3621,19,11,707,8,6,0,2
2012,00-0025418,Greg,Olsen,110.0,0,0,0,0,0,800,5,0
2012,00-0023541,Kyle,Orton,7.56,89,1,0,0,0,0,0,0
2012,00-0021429,Carson,Palmer,220.32,4018,22,14,36,1,0,0,5
2012,00-0025394,Adrian,Peterson,273.3,0,0,0,1898,11,215,0,2
2012,00-0029264,Bernard,Pierce,54.6,0,0,0,443,1,43,0,0
2012,00-0027950,Christian,Ponder,167.54,2701,15,12,230,2,-15,0,5
2012,00-0028064,Bilal,Powell,74.9,0,0,0,381,4,128,0,0
2012,00-0025409,Brady,Quinn,41.88,1092,2,8,62,0,0,0,0
2012,00-0026566,Isaac,Redman,67.7,0,0,0,384,2,233,0,3
2012,00-0026195,Ray,Rice,221.6,0,0,0,1138,9,478,1,0
2012,00-0025431,Sidney,Rice,118.4,25,0,0,6,0,748,7,0
2012,00-0029612,Daryl,Richardson,58.4,0,0,0,475,0,149,0,2
2012,00-0029675,Trent,Richardson,203.7,0,0,0,950,11,367,1,0
2012,00-0028011,Stevan,Ridley,180.0,0,0,0,1189,10,51,0,2
2012,00-0022942,Philip,Rivers,194.54,3456,24,15,43,0,0,0,7
2012,00-0027691,Andre,Roberts,107.2,0,0,0,31,0,741,5,0
2012,00-0023459,Aaron,Rodgers,313.32,3938,35,8,259,2,-1,0,3
2012,00-0022924,Ben,Roethlisberger,200.12,3118,22,8,94,0,0,0,3
2012,00-0021678,Tony,Romo,264.2,4685,26,16,49,1,-1,0,3
2012,00-0026143,Matt,Ryan,290.24,4481,31,14,130,1,0,0,2
2012,00-0026898,Mark,Sanchez,112.46,2639,13,17,29,0,0,0,7
2012,00-0022787,Matt,Schaub,215.92,3733,22,10,-8,0,-6,0,0
2012,00-0028052,Cecil,Shorts,139.7,0,0,0,-4,0,981,7,0
2012,00-0027754,John,Skelton,31.78,1132,2,9,5,0,0,0,2
2012,00-0023436,Alex,Smith,122.64,1731,13,5,134,0,0,0,1
2012,00-0020337,Steve,Smith,134.8,0,0,0,27,0,1101,4,1
2012,00-0027996,Torrey,Smith,134.8,0,0,0,13,0,855,8,0
2012,00-0027861,C.J.,Spiller,195.2,0,0,0,1185,6,387,1,2
2012,00-0026498,Matthew,Stafford,255.82,4693,17,16,118,4,3,0,2
2012,00-0029701,Ryan,Tannehill,171.26,3059,12,12,189,2,0,0,3
2012,00-0027874,Demaryius,Thomas,180.0,0,0,0,0,0,1320,9,3
2012,00-0024813,Pierre,Thomas,94.7,0,0,0,473,1,354,1,0
2012,00-0022821,Michael,Turner,146.5,0,0,0,757,9,128,1,1
2012,00-0020245,Mike,Vick,140.6,2165,11,9,320,1,0,0,5
2012,00-0026901,Mike,Wallace,130.5,0,0,0,7,0,838,8,1
2012,00-0020498,Reggie,Wayne,159.0,0,0,0,-5,0,1315,5,1
2012,00-0029677,Brandon,Weeden,165.7,3385,14,17,112,0,-9,0,1
2012,00-0022427,Wes,Welker,152.1,0,0,0,9,0,1232,5,1
2012,00-0023462,Roddy,White,172.9,0,0,0,0,0,1309,7,0
2012,00-0024242,DeAngelo,Williams,97.1,0,0,0,527,3,184,2,2
2012,00-0027702,Mike,Williams,142.22,28,0,0,0,0,931,8,0
2012,00-0029263,Russell,Wilson,249.54,2861,25,10,431,3,0,0,3
2012,00-0022127,Jason,Witten,110.3,0,0,0,0,0,983,2,0
2013,00-0030279,Keenan,Allen,139.7,0,0,0,0,0,957,8,2
2013,00-0028434,Doug,Baldwin,108.4,0,0,0,6,0,778,5,0
2013,00-0030522,Montee,Ball,78.4,0,0,0,486,4,118,0,3
2013,00-0030533,Matt,Barkley,1.8,300,0,4,-2,0,0,0,1
2013,00-0027218,Joique,Bell,156.1,0,0,0,619,8,522,0,3
2013,00-0030496,Le'Veon,Bell,156.5,0,0,0,767,7,398,0,1
2013,00-0026201,Martellus,Bennett,102.4,0,0,0,0,0,744,5,1
2013,00-0030456,Giovani,Bernard,159.6,0,0,0,673,5,463,3,1
2013,00-0027325,LeGarrette,Blount,87.7,0,0,0,579,5,38,0,2
2013,00-0022084,Anquan,Boldin,139.0,0,0,0,0,0,1030,6,0
2013,00-0027854,Sam,Bradford,116.58,1687,14,4,31,0,0,0,1
2013,00-0019596,Tom,Brady,240.74,4216,24,10,21,0,0,0,3
2013,00-0020531,Drew,Brees,318.92,4758,35,12,46,2,0,0,2
2013,00-0027094,Andre,Brown,72.4,0,0,0,481,3,103,0,2
2013,00-0027793,Antonio,Brown,184.1,15,0,0,4,0,1351,8,0
2013,00-0027003,Donald,Brown,113.6,0,0,0,506,5,210,2,0
2013,00-0027902,Dez,Bryant,185.1,0,0,0,1,0,1150,12,1
2013,00-0024217,Reggie,Bush,172.7,0,0,0,974,4,473,2,4
2013,00-0028040,Jordan,Cameron,126.8,0,0,0,0,0,848,7,0
2013,00-0023460,Jason,Campbell,107.1,1775,10,6,101,0,0,0,1
2013,00-0023662,Matt,Cassel,97.92,1618,10,8,52,1,0,0,1
2013,00-0026213,Jamaal,Charles,308.7,0,0,0,1288,12,699,7,2
2013,00-0024264,Kellen,Clemens,76.84,1516,7,5,62,0,0,0,4
2013,00-0024466,Marques,Colston,117.6,0,0,0,0,0,876,5,0
2013,00-0027758,Riley,Cooper,129.2,0,0,0,18,0,794,8,0
2013,00-0029604,Kirk,Cousins,32.5,685,4,5,11,0,0,0,1
2013,00-0027265,Victor,Cruz,121.8,0,0,0,0,0,998,4,1
2013,00-0024226,Jay,Cutler,150.72,2393,17,11,150,0,0,0,3
2013,00-0027973,Andy,Dalton,268.6,4015,31,16,160,1,0,0,3
2013,00-0024221,Vernon,Davis,150.5,0,0,0,0,0,805,12,1
2013,00-0027690,Eric,Decker,184.1,0,0,0,0,0,1261,10,1
2013,00-0026224,Harry,Douglas,108.9,0,0,0,0,0,1009,2,2
2013,00-0027150,Julian,Edelman,136.2,0,0,0,11,0,991,6,0
2013,00-0030287,Andre,Ellington,122.1,0,0,0,622,3,359,1,0
2013,00-0022921,Larry,Fitzgerald,142.9,0,0,0,8,0,841,10,1
2013,00-0023682,Ryan,Fitzpatrick,162.22,2288,14,11,227,3,0,0,2
2013,00-0026158,Joe,Flacco,197.9,3720,18,19,131,1,0,0,2
2013,00-0029638,Michael,Floyd,126.3,0,0,0,0,0,963,5,0
2013,00-0026349,Matt,Flynn,74.28,1392,8,5,66,0,0,0,5
2013,00-0029567,Nick,Foles,240.12,2628,25,2,230,3,0,0,1
2013,00-0026184,Matt,Forte,227.6,0,0,0,1231,7,545,2,2
2013,00-0026796,Arian,Foster,84.5,0,0,0,542,1,183,1,0
2013,00-0026993,Josh,Freeman,30.44,761,2,4,20,0,0,0,1
2013,00-0027948,Blaine,Gabbert,12.44,481,1,7,32,0,0,0,0
2013,00-0026345,Pierre,Garcon,158.8,0,0,0,19,0,1289,5,1
2013,00-0021547,Antonio,Gates,98.1,0,0,0,0,0,841,3,2
2013,00-0030520,Mike,Glennon,143.26,2389,17,8,37,0,0,0,4
2013,00-0006101,Tony,Gonzalez,127.1,0,0,0,0,0,791,8,0
2013,00-0029664,Josh,Gordon,219.2,0,0,0,88,0,1564,9,0
2013,00-0023500,Frank,Gore,173.5,0,0,0,1114,9,141,0,3
2013,00-0027696,Jimmy,Graham,204.4,0,0,0,0,0,1144,15,0
2013,00-0027942,A.J.,Green,196.5,0,0,0,0,0,1365,10,0
2013,00-0025860,BenJarvus,Green-Ellis,109.2,0,0,0,690,7,22,0,2
2013,00-0029665,Robert,Griffin III,208.84,3211,16,12,484,0,0,0,4
2013,00-0027077,Brian,Hartline,120.4,0,0,0,0,0,964,4,0
2013,00-0026197,Chad,Henne,146.1,2910,12,13,77,0,0,0,0
2013,00-0029608,T.Y.,Hilton,123.4,0,0,0,3,0,931,5,0
2013,00-0030564,DeAndre,Hopkins,86.7,0,0,0,0,0,767,2,1
2013,00-0026625,Brian,Hoyer,40.2,615,5,3,16,0,0,0,0
2013,00-0027531,Chris,Ivory,100.4,0,0,0,814,3,10,0,0
2013,00-0026189,DeSean,Jackson,184.6,0,0,0,2,0,1304,9,0
2013,00-0024204,Fred,Jackson,169.8,0,0,0,836,8,322,1,0
2013,00-0022736,Steven,Jackson,105.9,0,0,0,501,6,138,1,0
2013,00-0023496,Vincent,Jackson,160.9,0,0,0,0,0,1189,7,0
2013,00-0029137,Alshon,Jeffery,186.6,0,0,0,105,0,1341,7,0
2013,00-0024267,Greg,Jennings,100.0,0,0,0,0,0,760,4,0
2013,00-0027155,Rashad,Jennings,136.8,0,0,0,724,6,284,0,0
2013,00-0022044,Andre,Johnson,165.8,0,0,0,0,0,1358,5,0
2013,00-0025389,Calvin,Johnson,218.9,0,0,0,0,0,1489,12,1
2013,00-0026164,Chris,Johnson,178.1,0,0,0,950,5,331,4,2
2013,00-0025465,James,Jones,93.6,0,0,0,0,0,776,3,1
2013,00-0024275,Maurice,Jones-Drew,137.02,8,1,0,764,5,263,0,0
2013,00-0027974,Colin,Kaepernick,241.18,2887,19,8,497,4,0,0,4
2013,00-0028986,Case,Keenum,103.6,1760,9,6,72,1,0,0,2
2013,00-0030485,Eddie,Lacy,193.4,0,0,0,1112,10,242,0,1
2013,00-0027253,Thad,Lewis,44.6,845,3,3,48,1,0,0,3
2013,00-0027946,Jake,Locker,99.74,1256,8,4,155,2,0,0,1
2013,00-0029668,Andrew,Luck,268.92,3548,22,9,370,4,0,0,2
2013,00-0025399,Marshawn,Lynch,223.2,0,0,0,1160,11,312,2,1
2013,00-0022803,Eli,Manning,162.34,3666,17,26,37,0,0,0,2
2013,00-0010346,Peyton,Manning,383.34,5211,51,10,-31,1,0,0,6
2013,00-0030526,EJ,Manuel,129.48,1972,11,9,186,2,0,0,3
2013,00-0024334,Brandon,Marshall,188.1,0,0,0,0,0,1221,11,0
2013,00-0029613,Doug,Martin,58.2,0,0,0,456,1,66,0,0
2013,00-0027864,Ryan,Mathews,168.9,0,0,0,1111,6,178,1,1
2013,00-0021206,Josh,McCown,134.06,1829,13,1,69,1,0,0,1
2013,00-0027029,LeSean,McCoy,259.3,0,0,0,1476,9,537,1,1
2013,00-0030419,Matt,McGloin,78.58,1547,8,8,27,0,0,0,1
2013,00-0026163,Rashard,Mendenhall,120.1,0,0,0,640,8,121,0,2
2013,00-0029615,Lamar,Miller,90.2,0,0,0,636,2,166,0,1
2013,00-0026988,Knowshon,Moreno,224.8,0,0,0,1016,10,512,2,0
2013,00-0029141,Alfred,Morris,163.0,0,0,0,1213,7,57,0,3
2013,00-0028009,DeMarco,Murray,198.2,0,0,0,1073,9,309,1,0
2013,00-0026176,Jordy,Nelson,163.3,0,0,0,0,0,1153,8,0
2013,00-0027939,Cam,Newton,278.7,3230,22,12,515,6,0,0,1
2013,00-0027005,Hakeem,Nicks,84.6,0,0,0,0,0,846,0,0
2013,00-0025418,Greg,Olsen,107.4,0,0,0,0,0,774,5,0
2013,00-0021429,Carson,Palmer,195.08,3867,22,21,4,0,0,0,3
2013,00-0025394,Adrian,Peterson,203.7,0,0,0,1266,10,171,1,3
2013,00-0029264,Bernard,Pierce,61.4,0,0,0,408,2,86,0,0
2013,00-0027950,Christian,Ponder,107.02,1648,7,9,151,4,0,0,4
2013,00-0028064,Bilal,Powell,95.7,0,0,0,621,1,276,0,0
2013,00-0028825,Terrelle,Pryor,124.7,1590,5,11,531,2,0,0,1
2013,00-0029384,Bobby,Rainey,91.6,0,0,0,531,5,45,1,1
2013,00-0026195,Ray,Rice,113.1,0,0,0,645,4,286,0,2
2013,00-0029675,Trent,Richardson,99.7,0,0,0,538,2,299,1,1
2013,00-0028011,Stevan,Ridley,109.5,0,0,0,693,7,62,0,4
2013,00-0022942,Philip,Rivers,268.06,4249,29,10,70,0,-9,0,2
2013,00-0023459,Aaron,Rodgers,152.22,2218,15,4,115,0,0,0,0
2013,00-0022924,Ben,Roethlisberger,246.92,3968,27,12,82,1,0,0,5
2013,00-0021678,Tony,Romo,259.4,3840,31,10,38,0,0,0,1
2013,00-0026143,Matt,Ryan,231.0,4235,24,16,56,0,0,0,4
2013,00-0022787,Matt,Schaub,100.94,2081,10,12,17,0,0,0,0
2013,00-0028052,Cecil,Shorts,95.7,0,0,0,0,0,777,3,0
2013,00-0029151,Matt,Simms,9.94,156,1,1,37,0,0,0,1
2013,00-0023436,Alex,Smith,253.56,3319,23,8,432,1,-4,0,2
2013,00-0030565,Geno,Smith,173.74,2856,12,21,322,5,13,0,5
2013,00-0020337,Steve,Smith,98.5,0,0,0,0,0,745,4,0
2013,00-0027996,Torrey,Smith,134.1,0,0,0,0,0,1101,4,0
2013,00-0027861,C.J.,Spiller,109.1,0,0,0,822,2,169,0,1
2013,00-0030536,Zac,Stacy,153.5,0,0,0,957,7,118,1,1
2013,00-0026498,Matthew,Stafford,262.6,4430,28,19,74,2,0,0,4
2013,00-0027791,James,Starks,72.7,0,0,0,405,3,82,1,0
2013,00-0029129,Rod,Streater,102.5,0,0,0,17,0,848,3,1
2013,00-0029701,Ryan,Tannehill,224.66,3669,22,14,219,1,0,0,5
2013,00-0027890,Ben,Tate,111.1,0,0,0,771,4,140,0,2
2013,00-0027891,Golden,Tate,103.8,0,0,0,29,0,769,4,0
2013,00-0027874,Demaryius,Thomas,203.7,0,0,0,0,0,1317,12,0
2013,00-0028067,Julius,Thomas,147.2,0,0,0,0,0,752,12,0
2013,00-0024813,Pierre,Thomas,127.2,0,0,0,531,1,501,3,0
2013,00-0028595,Scott,Tolzien,34.18,717,1,5,55,1,0,0,0
2013,00-0030024,Jeff,Tuel,12.06,309,1,3,17,0,0,0,0
2013,00-0020245,Mike,Vick,99.94,1216,5,3,293,2,0,0,2
2013,00-0026901,Mike,Wallace,117.8,0,0,0,33,0,905,4,0
2013,00-0023367,Nate,Washington,106.0,0,0,0,0,0,880,3,0
2013,00-0029677,Brandon,Weeden,87.64,1731,9,9,44,0,0,0,2
2013,00-0022427,Wes,Welker,135.8,0,0,0,0,0,778,10,1
2013,00-0024242,DeAngelo,Williams,127.8,0,0,0,800,3,258,1,1
2013,00-0030542,Terrance,Williams,96.1,0,0,0,4,0,697,5,2
2013,00-0029263,Russell,Wilson,259.4,3185,25,9,540,1,0,0,5
2013,00-0022127,Jason,Witten,119.6,0,0,0,0,0,716,8,0
2013,00-0026019,Danny,Woodhead,141.0,0,0,0,407,2,563,6,2
2013,00-0029708,Kendall,Wright,114.9,0,0,0,0,0,1029,2,0
2014,00-0030279,Keenan,Allen,98.3,0,0,0,0,0,783,4,2
2014,00-0029854,C.J.,Anderson,148.6,0,0,0,762,5,304,2,0
2014,00-0023645,Derek,Anderson,50.44,701,5,0,24,0,0,0,0
2014,00-0028198,Matt,Asiata,135.4,0,0,0,479,9,295,1,1
2014,00-0028434,Doug,Baldwin,96.2,0,0,0,0,0,782,3,0
2014,00-0031235,Odell,Beckham,179.5,0,0,0,35,0,1120,11,1
2014,00-0027218,Joique,Bell,158.2,0,0,0,800,7,322,1,1
2014,00-0030496,Le'Veon,Bell,277.5,0,0,0,1341,8,774,3,0
2014,00-0031359,Kelvin,Benjamin,151.9,0,0,0,0,0,999,9,1
2014,00-0026201,Martellus,Bennett,121.7,0,0,0,0,0,857,6,0
2014,00-0030456,Giovani,Bernard,132.5,0,0,0,672,5,293,1,0
2014,00-0027325,LeGarrette,Blount,81.9,0,0,0,485,5,54,0,1
2014,00-0031075,Alfred,Blue,68.5,0,0,0,489,1,76,1,0
2014,00-0022084,Anquan,Boldin,122.5,0,0,0,4,0,981,4,0
2014,00-0031407,Blake,Bortles,155.6,2790,11,17,360,0,0,0,1
2014,00-0025410,Dwayne,Bowe,72.4,0,0,0,0,0,724,0,0
2014,00-0025637,Ahmad,Bradshaw,116.5,0,0,0,425,2,300,6,2
2014,00-0019596,Tom,Brady,273.96,4029,33,9,48,0,0,0,3
2014,00-0020531,Drew,Brees,293.84,4671,32,14,70,1,0,0,3
2014,00-0031237,Teddy,Bridgewater,164.18,2727,13,11,191,1,0,0,0
2014,00-0027793,Antonio,Brown,231.1,20,1,0,13,0,1570,12,2
2014,00-0027902,Dez,Bryant,206.1,0,0,0,0,0,1221,14,0
2014,00-0031280,Derek,Carr,185.52,3113,20,11,90,0,0,0,3
2014,00-0023662,Matt,Cassel,22.9,425,3,4,19,0,0,0,0
2014,00-0026213,Jamaal,Charles,206.8,0,0,0,985,9,283,5,2
2014,00-0027659,Jimmy,Clausen,15.82,223,2,1,9,0,0,0,0
2014,00-0028002,Randall,Cobb,181.8,0,0,0,31,0,1207,10,1
2014,00-0024466,Marques,Colston,107.1,0,0,0,0,0,851,4,1
2014,00-0029604,Kirk,Cousins,88.4,1710,10,9,20,0,0,0,2
2014,00-0030656,Isaiah,Crowell,111.2,0,0,0,601,8,71,0,2
2014,00-0024226,Jay,Cutler,237.5,3640,28,18,159,2,0,0,6
2014,00-0027973,Andy,Dalton,208.06,3154,17,15,161,4,18,1,2
2014,00-0028957,Austin,Davis,107.52,1998,12,9,36,0,0,0,3
2014,00-0030280,Knile,Davis,96.7,0,0,0,440,6,147,1,2
2014,00-0027690,Eric,Decker,98.1,0,0,0,0,0,741,4,0
2014,00-0027772,Anthony,Dixon,50.6,0,0,0,405,1,41,0,0
2014,00-0027150,Julian,Edelman,130.6,0,0,0,94,0,972,4,0
2014,00-0030287,Andre,Ellington,131.5,0,0,0,660,3,395,2,2
2014,00-0031408,Mike,Evans,165.7,0,0,0,0,0,997,11,0
2014,00-0022921,Larry,Fitzgerald,85.5,0,0,0,0,0,755,2,1
2014,00-0023682,Ryan,Fitzpatrick,180.12,2483,17,8,188,2,0,0,1
2014,00-0026158,Joe,Flacco,241.86,3674,25,12,69,2,0,0,0
2014,00-0022414,Malcom,Floyd,118.7,0,0,0,0,0,827,6,0
2014,00-0029567,Nick,Foles,119.32,2163,13,10,68,0,0,0,3
2014,00-0026373,Justin,Forsett,187.3,0,0,0,1147,8,246,0,0
2014,00-0026184,Matt,Forte,233.2,0,0,0,987,6,785,4,2
2014,00-0026796,Arian,Foster,226.2,5,1,0,1223,8,317,4,2
2014,00-0021547,Antonio,Gates,147.4,0,0,0,0,0,754,12,0
2014,00-0030520,Mike,Glennon,89.58,1417,10,6,49,0,0,0,0
2014,00-0023500,Frank,Gore,132.5,0,0,0,959,4,106,1,2
2014,00-0027696,Jimmy,Graham,139.5,0,0,0,0,0,835,10,2
2014,00-0029104,Jonas,Gray,71.3,0,0,0,406,5,7,0,0
2014,00-0027942,A.J.,Green,130.1,0,0,0,2,0,959,6,1
2014,00-0029665,Robert,Griffin III,68.02,1358,3,4,157,0,0,0,3
2014,00-0027656,Rob,Gronkowski,184.4,0,0,0,0,0,1124,12,0
2014,00-0027918,Andrew,Hawkins,92.7,0,0,0,15,0,792,2,0
2014,00-0026197,Chad,Henne,30.18,492,3,1,25,0,0,0,1
2014,00-0031301,Jeremy,Hill,172.9,0,0,0,1024,9,205,0,2
2014,00-0020679,Shaun,Hill,83.56,1414,8,5,10,1,0,0,1
2014,00-0029683,Ronnie,Hillman,75.5,0,0,0,378,3,137,1,0
2014,00-0029608,T.Y.,Hilton,176.5,0,0,0,20,0,1345,7,1
2014,00-0030564,DeAndre,Hopkins,154.5,0,0,0,0,0,1205,6,1
2014,00-0026625,Brian,Hoyer,156.86,3339,12,13,33,0,0,0,1
2014,00-0027966,Mark,Ingram,150.8,0,0,0,907,8,141,0,1
2014,00-0027531,Chris,Ivory,124.6,0,0,0,791,6,115,0,1
2014,00-0026189,DeSean,Jackson,139.0,0,0,0,7,0,1083,5,0
2014,00-0024204,Fred,Jackson,114.5,0,0,0,468,2,497,1,0
2014,00-0022736,Steven,Jackson,121.5,0,0,0,707,6,148,0,0
2014,00-0023496,Vincent,Jackson,109.1,0,0,0,0,0,991,2,1
2014,00-0029137,Alshon,Jeffery,173.2,0,0,0,33,0,1099,10,0
2014,00-0027155,Rashad,Jennings,103.1,0,0,0,606,4,205,0,1
2014,00-0022044,Andre,Johnson,86.2,0,0,0,0,0,802,2,3
2014,00-0025389,Calvin,Johnson,139.8,0,0,0,0,0,1038,6,0
2014,00-0026164,Chris,Johnson,89.7,0,0,0,643,1,154,1,1
2014,00-0027944,Julio,Jones,187.6,0,0,0,1,0,1535,6,1
2014,00-0027974,Colin,Kaepernick,228.4,3165,17,10,578,1,0,0,5
2014,00-0030506,Travis,Kelce,101.8,0,0,0,0,0,778,5,3
2014,00-0027681,Brandon,LaFell,128.3,0,0,0,0,0,883,7,1
2014,00-0030485,Eddie,Lacy,220.0,0,0,0,1039,9,401,4,1
2014,00-0029531,Ryan,Lindley,7.84,246,0,1,0,0,0,0,0
2014,00-0027946,Jake,Locker,63.92,993,5,7,142,1,0,0,1
2014,00-0029668,Andrew,Luck,335.84,4601,38,16,258,3,0,0,6
2014,00-0025399,Marshawn,Lynch,251.7,0,0,0,1246,12,331,4,1
2014,00-0026995,Jeremy,Maclin,188.0,0,0,0,0,0,1280,10,0
2014,00-0028012,Ryan,Mallett,19.8,400,2,2,-2,0,0,0,0
2014,00-0022803,Eli,Manning,250.34,3981,29,13,31,1,0,0,4
2014,00-0010346,Peyton,Manning,300.26,4454,39,15,-19,0,0,0,1
2014,00-0030526,EJ,Manuel,58.72,838,5,3,52,1,0,0,0
2014,00-0024334,Brandon,Marshall,118.1,0,0,0,0,0,721,8,1
2014,00-0029613,Doug,Martin,57.0,0,0,0,386,2,64,0,0
2014,00-0031391,Tre,Mason,113.6,0,0,0,737,4,119,1,1
2014,00-0031299,Jordan,Matthews,118.7,0,0,0,0,0,767,7,0
2014,00-0021206,Josh,McCown,119.74,2091,10,13,121,3,0,0,4
2014,00-0027688,Colt,McCoy,62.88,1057,4,3,66,1,0,0,1
2014,00-0027029,LeSean,McCoy,154.7,0,0,0,1167,5,140,0,3
2014,00-0026144,Darren,McFadden,82.7,0,0,0,521,2,206,0,1
2014,00-0031376,Jerick,McKinnon,67.3,0,0,0,538,0,135,0,0
2014,00-0031266,Zach,Mettenberger,65.28,1372,7,7,4,0,0,0,2
2014,00-0023465,Heath,Miller,88.0,0,0,0,0,0,720,3,1
2014,00-0029615,Lamar,Miller,163.9,0,0,0,921,7,278,1,2
2014,00-0029141,Alfred,Morris,164.7,0,0,0,1031,8,136,0,0
2014,00-0028009,DeMarco,Murray,276.0,0,0,0,1745,12,395,0,5
2014,00-0030513,Latavius,Murray,59.0,0,0,0,387,2,83,0,0
2014,00-0026176,Jordy,Nelson,221.3,0,0,0,0,0,1433,13,0
2014,00-0027939,Cam,Newton,227.32,3013,17,12,488,4,0,0,5
2014,00-0031277,Branden,Oliver,95.8,0,0,0,511,2,267,1,0
2014,00-0025418,Greg,Olsen,134.1,0,0,0,0,0,981,6,0
2014,00-0023541,Kyle,Orton,165.38,2842,17,10,17,1,0,0,2
2014,00-0021429,Carson,Palmer,103.54,1626,11,3,25,0,0,0,1
2014,00-0027950,Christian,Ponder,12.48,222,0,2,16,1,0,0,0
2014,00-0029384,Bobby,Rainey,78.1,0,0,0,406,1,315,1,3
2014,00-0029262,Rueben,Randle,96.0,0,0,0,0,0,780,3,0
2014,00-0029675,Trent,Richardson,88.8,0,0,0,508,3,220,0,1
2014,00-0022942,Philip,Rivers,260.0,3995,31,16,102,0,0,0,1
2014,00-0030547,Denard,Robinson,90.6,0,0,0,582,4,124,0,2
2014,00-0023459,Aaron,Rodgers,327.7,4155,36,5,255,1,0,0,2
2014,00-0022924,Ben,Roethlisberger,283.2,4635,30,8,24,0,-6,0,4
2014,00-0021678,Tony,Romo,248.34,3406,32,8,61,0,0,0,3
2014,00-0026143,Matt,Ryan,277.26,4434,28,12,139,0,0,0,1
2014,00-0026898,Mark,Sanchez,119.54,2126,12,10,65,1,0,0,3
2014,00-0027685,Emmanuel,Sanders,191.5,0,0,0,44,0,1331,9,0
2014,00-0031413,Bishop,Sankey,78.7,0,0,0,554,2,133,0,1
2014,00-0029632,Mohamed,Sanu,119.66,79,1,0,51,0,774,5,0
2014,00-0023436,Alex,Smith,222.76,3284,19,6,254,1,0,0,2
2014,00-0030565,Geno,Smith,124.68,2167,10,13,220,1,0,0,2
2014,00-0020337,Steve,Smith,131.5,0,0,0,0,0,975,6,1
2014,00-0026498,Matthew,Stafford,227.6,4030,19,12,64,2,0,0,2
2014,00-0025430,Drew,Stanton,92.74,1711,7,5,63,0,0,0,0
2014,00-0026153,Jonathan,Stewart,114.4,0,0,0,763,3,161,1,1
2014,00-0030085,Kenny,Stills,102.7,0,0,0,-2,0,849,3,0
2014,00-0029701,Ryan,Tannehill,267.18,3797,26,12,317,1,-4,0,1
2014,00-0027890,Ben,Tate,66.9,0,0,0,369,4,60,0,0
2014,00-0027891,Golden,Tate,155.6,0,0,0,30,0,1286,4,0
2014,00-0027874,Demaryius,Thomas,216.4,0,0,0,0,0,1504,11,0
2014,00-0027994,Shane,Vereen,112.7,0,0,0,394,2,433,3,0
2014,00-0020245,Mike,Vick,43.46,604,3,2,153,0,0,0,2
2014,00-0024389,Delanie,Walker,108.7,0,0,0,0,0,847,4,0
2014,00-0026901,Mike,Wallace,145.8,0,0,0,16,0,862,10,1
2014,00-0031325,Sammy,Watkins,126.8,0,0,0,3,0,925,6,1
2014,00-0029677,Brandon,Weeden,19.52,303,3,2,-6,0,0,0,0
2014,00-0031375,Terrance,West,85.1,0,0,0,579,3,52,1,1
2014,00-0023462,Roddy,White,123.7,0,0,0,0,0,817,7,0
2014,00-0024296,Charlie,Whitehurst,78.26,1254,6,2,71,0,10,0,0
2014,00-0031055,Andre,Williams,114.8,0,0,0,677,6,111,0,0
2014,00-0029263,Russell,Wilson,319.34,3236,20,6,842,6,17,0,0
2015,00-0032104,Ameer,Abdullah,87.0,0,0,0,554,2,176,1,2
2015,00-0028497,Kamar,Aiken,114.8,0,0,0,0,0,868,5,1
2015,00-0031577,Javorius,Allen,93.9,0,0,0,478,1,321,2,2
2015,00-0030279,Keenan,Allen,94.5,0,0,0,0,0,725,4,1
2015,00-0029854,C.J.,Anderson,103.3,0,0,0,625,4,188,0,1
2015,00-0030789,Antonio,Andrews,90.74,41,1,0,520,3,171,0,1
2015,00-0030525,Tavon,Austin,134.5,0,0,0,402,4,443,5,2
2015,00-0028434,Doug,Baldwin,186.3,0,0,0,0,0,1023,14,0
2015,00-0026281,Gary,Barnidge,151.7,0,0,0,0,0,977,9,0
2015,00-0031235,Odell,Beckham,217.8,0,0,0,3,0,1395,13,0
2015,00-0030496,Le'Veon,Bell,87.2,0,0,0,556,3,136,0,0
2015,00-0029269,Travis,Benjamin,118.5,0,0,0,12,0,913,5,2
2015,00-0030456,Giovani,Bernard,127.4,0,0,0,694,2,460,0,0
2015,00-0027325,LeGarrette,Blount,116.6,0,0,0,703,6,43,1,0
2015,00-0031075,Alfred,Blue,86.3,0,0,0,596,2,107,1,1
2015,00-0022084,Anquan,Boldin,87.8,0,0,0,0,0,718,3,1
2015,00-0031407,Blake,Bortles,310.56,4189,35,16,310,2,0,0,4
2015,00-0027854,Sam,Bradford,176.3,3405,17,13,41,0,0,0,3
2015,00-0019596,Tom,Brady,338.44,4636,36,7,54,3,36,0,2
2015,00-0020531,Drew,Brees,290.1,4555,31,10,19,1,0,0,2
2015,00-0031237,Teddy,Bridgewater,196.28,3132,14,8,190,3,0,0,3
2015,00-0027793,Antonio,Brown,219.5,0,0,0,28,0,1647,9,1
2015,00-0031051,John,Brown,138.0,0,0,0,22,0,958,7,1
2015,00-0031373,Martavis,Bryant,120.2,0,0,0,37,1,765,6,1
2015,00-0031280,Derek,Carr,260.32,3793,31,12,126,0,0,0,2
2015,00-0023662,Matt,Cassel,64.8,1275,5,7,78,0,0,0,0
2015,00-0027659,Jimmy,Clausen,33.16,739,2,4,36,0,0,0,0
2015,00-0028002,Randall,Cobb,119.9,0,0,0,47,0,792,6,0
2015,00-0032058,Tevin,Coleman,40.6,0,0,0,392,1,14,0,3
2015,00-0031236,Brandin,Cooks,167.6,0,0,0,18,0,1118,9,0
2015,00-0031544,Amari,Cooper,138.7,0,0,0,-3,0,1050,6,1
2015,00-0029604,Kirk,Cousins,270.4,3990,26,11,48,5,0,0,3
2015,00-0026986,Michael,Crabtree,136.8,0,0,0,0,0,888,8,0
2015,00-0030656,Isaiah,Crowell,113.5,0,0,0,653,4,182,1,0
2015,00-0024226,Jay,Cutler,211.56,3414,19,8,190,1,0,0,5
2015,00-0027973,Andy,Dalton,244.1,3250,25,7,141,3,0,0,2
2015,00-0027690,Eric,Decker,161.7,0,0,0,0,0,977,11,1
2015,00-0031588,Stefon,Diggs,96.5,0,0,0,13,0,712,4,0
2015,00-0030061,Zach,Ertz,78.1,0,0,0,0,0,701,2,2
2015,00-0031408,Mike,Evans,126.9,0,0,0,0,0,1109,3,1
2015,00-0022921,Larry,Fitzgerald,160.0,0,0,0,0,0,1160,8,2
2015,00-0023682,Ryan,Fitzpatrick,274.76,3724,29,12,258,2,0,0,2
2015,00-0026158,Joe,Flacco,160.46,2804,14,12,23,3,0,0,2
2015,00-0029638,Michael,Floyd,119.3,0,0,0,0,0,833,6,0
2015,00-0029567,Nick,Foles,94.08,2052,7,10,20,1,0,0,2
2015,00-0026373,Justin,Forsett,91.4,0,0,0,641,2,153,0,0
2015,00-0026184,Matt,Forte,151.7,0,0,0,822,4,355,2,1
2015,00-0031285,Devonta,Freeman,230.0,0,0,0,980,11,560,2,1
2015,00-0027948,Blaine,Gabbert,112.88,1677,9,6,178,1,0,0,1
2015,00-0026345,Pierre,Garcon,102.8,0,0,0,0,0,728,5,0
2015,00-0025396,Ted,Ginn,139.9,0,0,0,60,0,739,10,0
2015,00-0032144,Melvin,Gordon,75.3,0,0,0,641,0,192,0,4
2015,00-0023500,Frank,Gore,151.8,0,0,0,891,6,267,1,3
2015,00-0027942,A.J.,Green,178.3,0,0,0,0,0,1263,9,1
2015,00-0027656,Rob,Gronkowski,181.8,0,0,0,0,0,1158,11,0
2015,00-0032241,Todd,Gurley,187.6,0,0,0,1108,10,188,0,1
2015,00-0007091,Matt,Hasselbeck,91.1,1690,9,5,15,0,0,0,2
2015,00-0031301,Jeremy,Hill,135.8,0,0,0,698,10,60,1,3
2015,00-0029683,Ronnie,Hillman,118.7,0,0,0,746,6,101,0,1
2015,00-0029608,T.Y.,Hilton,138.0,0,0,0,0,0,1080,5,0
2015,00-0030564,DeAndre,Hopkins,209.2,0,0,0,0,0,1432,11,0
2015,00-0026625,Brian,Hoyer,154.68,2357,18,6,44,0,0,0,2
2015,00-0030821,Allen,Hurns,159.3,0,0,0,0,0,1013,10,1
2015,00-0031045,Carlos,Hyde,68.3,0,0,0,470,3,53,0,1
2015,00-0027966,Mark,Ingram,150.5,0,0,0,768,6,397,0,1
2015,00-0027531,Chris,Ivory,164.6,0,0,0,989,7,217,1,2
2015,00-0029137,Alshon,Jeffery,104.7,0,0,0,0,0,807,4,0
2015,00-0027155,Rashad,Jennings,112.3,0,0,0,693,2,290,1,2
2015,00-0025389,Calvin,Johnson,151.7,0,0,0,0,0,1077,8,2
2015,00-0026164,Chris,Johnson,101.2,0,0,0,814,3,58,0,2
2015,00-0032187,David,Johnson,167.9,0,0,0,556,8,423,4,1
2015,00-0025465,James,Jones,126.8,0,0,0,0,0,788,8,0
2015,00-0027944,Julio,Jones,218.2,0,0,0,0,0,1722,8,1
2015,00-0030524,Landry,Jones,22.02,513,3,4,-5,0,0,0,1
2015,00-0029293,Marvin,Jones,105.1,0,0,0,33,0,778,4,0
2015,00-0031939,Matt,Jones,95.4,0,0,0,490,3,304,1,4
2015,00-0027974,Colin,Kaepernick,110.2,1615,6,5,256,1,0,0,0
2015,00-0028986,Case,Keenum,34.18,597,4,1,3,0,0,0,2
2015,00-0030506,Travis,Kelce,112.5,0,0,0,0,0,865,5,2
2015,00-0030485,Eddie,Lacy,116.5,0,0,0,724,3,181,2,2
2015,00-0031382,Jarvis,Landry,149.56,9,0,0,105,1,1087,4,0
2015,00-0031569,Jeremy,Langford,122.2,0,0,0,523,6,279,1,0
2015,00-0029668,Andrew,Luck,128.84,1881,15,12,196,0,0,0,1
2015,00-0025399,Marshawn,Lynch,67.7,0,0,0,417,3,80,0,0
2015,00-0026995,Jeremy,Maclin,142.7,0,0,0,-7,0,1034,7,1
2015,00-0028012,Ryan,Mallett,56.86,1044,4,4,11,1,0,0,0
2015,00-0022803,Eli,Manning,269.9,4145,33,14,61,0,0,0,3
2015,00-0010346,Peyton,Manning,88.8,2180,9,17,-4,0,0,0,0
2015,00-0030526,EJ,Manuel,38.84,561,3,3,64,1,0,0,1
2015,00-0031409,Johnny,Manziel,95.0,1500,7,5,230,0,0,0,3
2015,00-0032268,Marcus,Mariota,204.02,2818,19,10,252,2,41,1,6
2015,00-0024334,Brandon,Marshall,211.6,0,0,0,0,0,1376,13,2
2015,00-0029613,Doug,Martin,188.5,0,0,0,1354,6,211,1,5
2015,00-0027864,Ryan,Mathews,102.7,0,0,0,528,6,139,1,3
2015,00-0031299,Jordan,Matthews,128.3,0,0,0,0,0,943,6,1
2015,00-0031288,AJ,McCarron,40.66,694,4,2,29,0,0,0,1
2015,00-0021206,Josh,McCown,128.16,2109,12,4,98,1,0,0,6
2015,00-0027029,LeSean,McCoy,144.7,0,0,0,895,3,292,2,2
2015,00-0026144,Darren,McFadden,141.2,0,0,0,997,3,275,0,2
2015,00-0031266,Zach,Mettenberger,36.28,897,4,6,4,0,0,0,2
2015,00-0029615,Lamar,Miller,178.6,0,0,0,812,8,394,2,1
2015,00-0031339,Donte,Moncrief,109.5,0,0,0,0,0,735,6,0
2015,00-0029234,Kellen,Moore,9.66,344,1,4,-1,0,0,0,0
2015,00-0029141,Alfred,Morris,77.8,0,0,0,663,1,55,0,0
2015,00-0028009,DeMarco,Murray,129.2,0,0,0,630,5,322,1,1
2015,00-0030513,Latavius,Murray,156.2,0,0,0,1035,6,207,0,2
2015,00-0027939,Cam,Newton,356.36,3544,33,10,626,8,0,0,4
2015,00-0025418,Greg,Olsen,148.8,0,0,0,0,0,1088,7,1
2015,00-0029682,Brock,Osweiler,109.5,1735,9,4,61,1,0,0,0
2015,00-0021429,Carson,Palmer,302.08,4542,34,10,24,1,0,0,2
2015,00-0025394,Adrian,Peterson,217.9,0,0,0,1418,10,221,0,3
2015,00-0029262,Rueben,Randle,113.9,0,0,0,0,0,719,7,0
2015,00-0031897,Thomas,Rawls,118.6,0,0,0,830,4,76,1,1
2015,00-0030472,Jordan,Reed,152.7,0,0,0,0,0,907,11,2
2015,00-0022942,Philip,Rivers,264.9,4565,27,12,23,0,0,0,2
2015,00-0031428,Allen,Robinson,213.2,0,0,0,0,0,1292,14,0
2015,00-0023459,Aaron,Rodgers,280.4,3530,30,7,332,1,0,0,3
2015,00-0022924,Ben,Roethlisberger,189.66,3584,18,14,31,0,-8,0,0
2015,00-0021678,Tony,Romo,40.66,884,5,7,13,0,0,0,1
2015,00-0026143,Matt,Ryan,212.58,4257,19,15,63,0,0,0,5
2015,00-0026898,Mark,Sanchez,32.84,616,4,4,22,0,0,0,1
2015,00-0027685,Emmanuel,Sanders,140.5,0,0,0,29,0,1036,6,1
2015,00-0022787,Matt,Schaub,26.6,540,3,4,10,0,0,0,0
2015,00-0031390,Charles,Sims,120.1,0,0,0,514,0,487,4,2
2015,00-0023436,Alex,Smith,250.9,3330,18,5,437,2,0,0,0
2015,00-0030663,Willie,Snead,109.5,0,0,0,0,0,955,3,2
2015,00-0026498,Matthew,Stafford,264.86,3964,29,13,149,1,-6,0,2
2015,00-0027791,James,Starks,119.1,0,0,0,577,2,374,3,3
2015,00-0026153,Jonathan,Stewart,146.8,0,0,0,989,6,99,1,2
2015,00-0029701,Ryan,Tannehill,231.7,3860,22,12,124,1,9,0,3
2015,00-0027891,Golden,Tate,116.0,0,0,0,41,0,779,6,1
2015,00-0028118,Tyrod,Taylor,250.22,2853,20,6,517,3,4,0,1
2015,00-0027874,Demaryius,Thomas,144.7,0,0,0,0,0,1187,5,2
2015,00-0020245,Mike,Vick,30.74,371,2,1,99,0,0,0,0
2015,00-0024389,Delanie,Walker,135.4,0,0,0,0,0,994,6,0
2015,00-0031325,Sammy,Watkins,145.2,0,0,0,1,0,911,9,0
2015,00-0022943,Benjamin,Watson,104.6,0,0,0,0,0,766,5,1
2015,00-0029677,Brandon,Weeden,66.46,1044,5,2,47,1,0,0,1
2015,00-0030668,Charcandrick,West,109.6,0,0,0,600,4,216,1,1
2015,00-0024242,DeAngelo,Williams,189.3,0,0,0,899,11,354,0,1
2015,00-0032152,Karlos,Williams,104.6,0,0,0,493,6,93,2,1
2015,00-0029263,Russell,Wilson,315.1,3825,31,8,541,1,0,0,3
2015,00-0031503,Jameis,Winston,256.36,3719,22,13,196,5,0,0,2
2015,00-0026019,Danny,Woodhead,156.9,0,0,0,324,3,705,6,0
2015,00-0028090,T.J.,Yates,22.8,370,3,1,0,0,0,0,1
2015,00-0032209,T.J.,Yeldon,119.9,0,0,0,740,2,279,1,0
2016,00-0031381,Davante,Adams,154.6,0,0,0,0,0,966,10,1
2016,00-0031590,Jay,Ajayi,180.4,0,0,0,1213,8,131,0,1
2016,00-0029854,C.J.,Anderson,86.5,0,0,0,437,4,128,1,0
2016,00-0023645,Derek,Anderson,14.52,453,2,5,4,0,0,0,1
2016,00-0028198,Matt,Asiata,96.0,0,0,0,388,6,232,0,1
2016,00-0028434,Doug,Baldwin,155.2,15,1,0,2,0,1084,7,0
2016,00-0030533,Matt,Barkley,65.64,1486,8,12,2,0,0,0,1
2016,00-0029000,Cole,Beasley,109.1,0,0,0,7,0,784,5,0
2016,00-0031235,Odell,Beckham,191.2,0,0,0,9,0,1323,10,1
2016,00-0030496,Le'Veon,Bell,240.4,0,0,0,1268,7,616,2,1
2016,00-0031359,Kelvin,Benjamin,118.8,0,0,0,0,0,848,6,1
2016,00-0027325,LeGarrette,Blount,214.8,0,0,0,1110,17,38,0,1
2016,00-0031075,Alfred,Blue,46.0,0,0,0,392,1,28,0,1
2016,00-0032972,Devontae,Booker,88.8,0,0,0,555,3,213,0,3
2016,00-0031407,Blake,Bortles,251.96,3604,22,16,338,3,20,1,4
2016,00-0027854,Sam,Bradford,198.48,3627,17,4,29,0,5,0,5
2016,00-0019596,Tom,Brady,232.92,3278,25,2,58,0,0,0,0
2016,00-0020531,Drew,Brees,312.28,4857,35,14,20,2,0,0,4
2016,00-0033119,Jacoby,Brissett,28.3,400,0,0,83,1,0,0,1
2016,00-0027006,Kenny,Britt,128.2,0,0,0,0,0,1002,5,1
2016,00-0027793,Antonio,Brown,201.3,0,0,0,9,0,1284,12,0
2016,00-0027902,Dez,Bryant,130.0,10,1,0,0,0,796,8,1
2016,00-0031280,Derek,Carr,258.22,3933,28,6,69,0,0,0,3
2016,00-0032058,Tevin,Coleman,148.2,0,0,0,476,8,406,2,0
2016,00-0031236,Brandin,Cooks,166.4,0,0,0,30,0,1154,8,0
2016,00-0031544,Amari,Cooper,135.0,0,0,0,0,0,1110,4,0
2016,00-0029604,Kirk,Cousins,289.2,4630,24,10,100,4,0,0,3
2016,00-0026986,Michael,Crabtree,143.6,0,0,0,0,0,956,8,0
2016,00-0031941,Jamison,Crowder,122.9,0,0,0,-2,0,831,7,1
2016,00-0030656,Isaiah,Crowell,149.5,0,0,0,792,7,303,0,1
2016,00-0024226,Jay,Cutler,46.76,1059,4,5,24,0,0,0,2
2016,00-0027973,Andy,Dalton,247.2,3980,17,8,180,4,0,0,3
2016,00-0031588,Stefon,Diggs,109.3,0,0,0,10,0,903,3,0
2016,00-0027150,Julian,Edelman,108.6,0,0,0,51,0,955,2,2
2016,00-0033045,Ezekiel,Elliott,293.4,0,0,0,1631,15,363,1,1
2016,00-0031023,Quincy,Enunwa,102.8,0,0,0,12,0,776,4,0
2016,00-0031408,Mike,Evans,191.6,0,0,0,0,0,1256,11,0
2016,00-0022921,Larry,Fitzgerald,126.6,0,0,0,1,0,985,5,1
2016,00-0023682,Ryan,Fitzpatrick,116.96,2499,10,17,130,0,0,0,1
2016,00-0026158,Joe,Flacco,225.3,4050,20,14,53,2,0,0,3
2016,00-0029567,Nick,Foles,28.0,410,3,0,-4,0,0,0,0
2016,00-0026184,Matt,Forte,153.6,0,0,0,813,7,263,1,1
2016,00-0031285,Devonta,Freeman,206.4,0,0,0,983,10,381,2,1
2016,00-0027948,Blaine,Gabbert,72.7,925,5,6,173,2,-16,0,0
2016,00-0026345,Pierre,Garcon,112.5,0,0,0,0,0,945,3,0
2016,00-0031345,Jimmy,Garoppolo,35.06,504,4,0,6,0,3,0,1
2016,00-0030433,Mike,Gillislee,105.6,0,0,0,536,7,40,1,0
2016,00-0033106,Jared,Goff,48.36,969,5,7,16,1,0,0,2
2016,00-0032144,Melvin,Gordon,209.6,0,0,0,997,10,419,2,2
2016,00-0023500,Frank,Gore,168.7,0,0,0,964,4,263,4,1
2016,00-0027696,Jimmy,Graham,117.9,0,0,0,0,0,859,6,2
2016,00-0027942,A.J.,Green,120.4,0,0,0,0,0,964,4,0
2016,00-0029665,Robert,Griffin III,49.96,654,0,2,158,2,0,0,0
2016,00-0032241,Todd,Gurley,147.5,0,0,0,845,6,290,0,1
2016,00-0032764,Derrick,Henry,79.9,0,0,0,425,4,134,0,0
2016,00-0026289,Tim,Hightower,95.9,0,0,0,519,3,200,1,0
2016,00-0031301,Jeremy,Hill,155.3,0,0,0,839,9,174,0,0
2016,00-0020679,Shaun,Hill,10.48,242,0,0,8,0,0,0,0
2016,00-0029608,T.Y.,Hilton,171.3,0,0,0,0,0,1353,6,0
2016,00-0030564,DeAndre,Hopkins,107.1,0,0,0,0,0,831,4,0
2016,00-0032780,Jordan,Howard,187.6,0,0,0,1178,6,298,1,1
2016,00-0026625,Brian,Hoyer,79.1,1445,6,0,-7,0,0,0,1
2016,00-0031045,Carlos,Hyde,163.1,0,0,0,988,6,163,3,3
2016,00-0027966,Mark,Ingram,173.1,0,0,0,941,5,290,4,2
2016,00-0028411,Dontrelle,Inman,99.9,0,0,0,0,0,759,4,0
2016,00-0027531,Chris,Ivory,74.5,0,0,0,439,3,186,0,3
2016,00-0026189,DeSean,Jackson,121.1,0,0,0,0,0,971,4,0
2016,00-0029137,Alshon,Jeffery,93.1,0,0,0,0,0,811,2,0
2016,00-0027155,Rashad,Jennings,91.7,0,0,0,541,2,196,1,0
2016,00-0032187,David,Johnson,321.4,0,0,0,1233,16,841,4,3
2016,00-0032257,Duke,Johnson,91.6,0,0,0,362,1,514,0,1
2016,00-0027944,Julio,Jones,161.3,0,0,0,0,0,1313,5,0
2016,00-0030524,Landry,Jones,12.84,281,1,1,-4,0,0,0,0
2016,00-0029293,Marvin,Jones,109.7,0,0,0,3,0,854,4,0
2016,00-0031939,Matt,Jones,67.3,0,0,0,460,3,73,0,2
2016,00-0027974,Colin,Kaepernick,186.24,2026,15,4,452,2,0,0,2
2016,00-0028986,Case,Keenum,111.14,2201,9,11,51,1,0,0,1
2016,00-0030506,Travis,Kelce,135.2,0,0,0,-5,0,1117,4,0
2016,00-0032371,Rob,Kelley,117.3,0,0,0,671,6,82,1,0
2016,00-0033104,Cody,Kessler,75.0,1380,6,2,18,0,0,0,1
2016,00-0027681,Brandon,LaFell,115.3,0,0,0,-2,0,795,6,0
2016,00-0030485,Eddie,Lacy,38.8,0,0,0,360,0,28,0,0
2016,00-0031382,Jarvis,Landry,121.9,0,0,0,17,0,1062,3,2
2016,00-0031431,Marqise,Lee,100.8,20,1,0,35,0,765,3,1
2016,00-0029668,Andrew,Luck,285.16,3919,29,12,324,2,0,0,4
2016,00-0033108,Paxton,Lynch,28.38,497,2,1,25,0,0,0,0
2016,00-0022803,Eli,Manning,216.98,3847,26,16,-9,0,0,0,4
2016,00-0032268,Marcus,Mariota,260.74,3426,26,9,357,2,0,0,5
2016,00-0024334,Brandon,Marshall,96.7,0,0,0,0,0,787,3,0
2016,00-0029613,Doug,Martin,71.5,0,0,0,421,3,134,0,1
2016,00-0027864,Ryan,Mathews,127.6,0,0,0,661,8,115,1,2
2016,00-0031299,Jordan,Matthews,98.4,0,0,0,0,0,804,3,0
2016,00-0029580,Rishard,Matthews,129.1,0,0,0,0,0,831,8,1
2016,00-0021206,Josh,McCown,50.1,1100,6,6,21,0,0,0,4
2016,00-0027029,LeSean,McCoy,244.7,0,0,0,1257,13,350,1,0
2016,00-0031376,Jerick,McKinnon,80.4,0,0,0,450,1,234,1,0
2016,00-0031912,Cameron,Meredith,103.3,0,0,0,6,0,827,4,2
2016,00-0030432,Christine,Michael,113.4,0,0,0,577,7,97,1,1
2016,00-0029615,Lamar,Miller,160.1,0,0,0,1073,5,188,1,1
2016,00-0032200,Ty,Montgomery,90.4,0,0,0,413,3,331,0,1
2016,00-0025708,Matt,Moore,40.54,516,6,2,-1,0,0,0,0
2016,00-0028009,DeMarco,Murray,238.9,10,1,0,1266,9,379,3,1
2016,00-0030513,Latavius,Murray,172.7,0,0,0,777,12,250,0,1
2016,00-0026176,Jordy,Nelson,201.1,0,0,0,0,0,1191,14,1
2016,00-0027939,Cam,Newton,242.18,3272,18,11,353,5,0,0,2
2016,00-0025418,Greg,Olsen,123.1,0,0,0,0,0,1051,3,0
2016,00-0029682,Brock,Osweiler,147.76,2704,14,16,130,1,-14,0,1
2016,00-0021429,Carson,Palmer,221.08,3982,23,13,38,0,0,0,4
2016,00-0031568,Bryce,Petty,30.26,809,3,7,19,0,0,0,1
2016,00-0028064,Bilal,Powell,119.3,0,0,0,600,3,373,1,1
2016,00-0033077,Dak,Prescott,284.5,3630,23,4,273,6,0,0,4
2016,00-0028825,Terrelle,Pryor,125.04,41,0,0,21,1,913,4,0
2016,00-0033025,Jalen,Richard,86.8,0,0,0,489,1,199,2,0
2016,00-0022942,Philip,Rivers,244.24,4121,31,19,34,0,0,0,5
2016,00-0031428,Allen,Robinson,116.1,0,0,0,0,0,801,6,0
2016,00-0023459,Aaron,Rodgers,343.82,4128,36,7,327,4,0,0,4
2016,00-0028083,Jacquizz,Rodgers,69.9,0,0,0,485,2,94,0,0
2016,00-0022924,Ben,Roethlisberger,246.16,3819,29,13,14,1,0,0,2
2016,00-0026143,Matt,Ryan,314.02,4613,34,7,115,0,0,0,2
2016,00-0027685,Emmanuel,Sanders,133.6,0,0,0,4,0,1032,5,0
2016,00-0031064,Tom,Savage,18.54,436,0,0,11,0,0,0,0
2016,00-0032156,Trevor,Siemian,176.0,3195,16,9,62,0,0,0,2
2016,00-0023436,Alex,Smith,195.12,3238,13,7,113,4,3,0,4
2016,00-0020337,Steve,Smith,106.5,0,0,0,0,0,765,5,0
2016,00-0030663,Willie,Snead,111.3,50,1,0,0,0,813,4,0
2016,00-0023564,Darren,Sproles,106.9,0,0,0,406,2,423,2,0
2016,00-0026498,Matthew,Stafford,257.9,3980,22,9,207,2,0,0,2
2016,00-0025430,Drew,Stanton,11.06,184,2,2,-3,0,0,0,0
2016,00-0026153,Jonathan,Stewart,125.2,0,0,0,759,8,53,0,2
2016,00-0029701,Ryan,Tannehill,188.28,2997,19,12,164,1,0,0,3
2016,00-0027891,Golden,Tate,115.7,0,0,0,-3,0,1000,3,1
2016,00-0028118,Tyrod,Taylor,266.92,3023,17,6,580,6,0,0,2
2016,00-0030035,Adam,Thielen,125.5,0,0,0,15,0,960,5,1
2016,00-0027874,Demaryius,Thomas,129.6,0,0,0,0,0,1036,5,2
2016,00-0032765,Michael,Thomas,142.1,0,0,0,0,0,981,8,2
2016,00-0028595,Scott,Tolzien,8.94,216,1,2,3,0,0,0,0
2016,00-0024389,Delanie,Walker,119.6,0,0,0,11,0,765,7,0
2016,00-0026901,Mike,Wallace,125.5,0,0,0,31,0,984,4,0
2016,00-0030414,Spencer,Ware,160.9,0,0,0,922,3,447,2,3
2016,00-0032940,DeAndre,Washington,62.5,0,0,0,424,2,101,0,1
2016,00-0032950,Carson,Wentz,189.88,3537,14,14,137,2,7,0,3
2016,00-0031375,Terrance,West,133.5,0,0,0,756,5,219,1,0
2016,00-0032160,Tyrell,Williams,140.9,0,0,0,0,0,989,7,0
2016,00-0029263,Russell,Wilson,249.34,3961,20,11,255,1,14,1,3
2016,00-0031503,Jameis,Winston,240.52,3888,27,17,150,1,0,0,5
2016,00-0032209,T.J.,Yeldon,87.7,0,0,0,465,1,312,1,1
2017,00-0032104,Ameer,Abdullah,90.5,0,0,0,534,3,151,1,1
2017,00-0031381,Davante,Adams,148.5,0,0,0,0,0,885,10,0
2017,00-0031549,Nelson,Agholor,123.7,0,0,0,0,0,757,8,0
2017,00-0031590,Jay,Ajayi,111.1,0,0,0,873,1,158,1,2
2017,00-0031577,Javorius,Allen,116.4,0,0,0,554,4,250,2,0
2017,00-0030279,Keenan,Allen,156.9,0,0,0,9,0,1260,5,0
2017,00-0029854,C.J.,Anderson,139.0,0,0,0,946,3,224,1,1
2017,00-0032688,Robby,Anderson,136.7,0,0,0,8,0,939,7,0
2017,00-0028434,Doug,Baldwin,125.3,0,0,0,-8,0,901,6,0
2017,00-0033936,C.J.,Beathard,88.8,1430,4,6,136,3,0,0,2
2017,00-0030496,Le'Veon,Bell,257.4,0,0,0,1291,9,663,2,2
2017,00-0031359,Kelvin,Benjamin,84.5,0,0,0,0,0,665,3,0
2017,00-0030456,Giovani,Bernard,101.7,0,0,0,406,2,371,2,0
2017,00-0027325,LeGarrette,Blount,92.8,0,0,0,729,2,39,1,1
2017,00-0031407,Blake,Bortles,240.56,3529,21,11,314,2,0,0,3
2017,00-0027854,Sam,Bradford,26.9,380,3,0,-3,0,0,0,0
2017,00-0019596,Tom,Brady,275.24,4361,30,8,28,0,0,0,3
2017,00-0020531,Drew,Brees,248.72,4093,22,8,10,2,0,0,0
2017,00-0033308,Matt,Breida,72.1,0,0,0,393,2,148,1,0
2017,00-0033119,Jacoby,Brissett,195.56,2984,12,7,242,4,0,0,3
2017,00-0027793,Antonio,Brown,207.3,0,0,0,0,0,1533,9,0
2017,00-0027902,Dez,Bryant,115.1,0,0,0,-4,0,815,6,1
2017,00-0031280,Derek,Carr,192.62,3253,21,12,65,0,0,0,2
2017,00-0033681,Keelan,Cole,89.5,0,0,0,0,0,715,3,0
2017,00-0032058,Tevin,Coleman,137.2,0,0,0,607,5,285,3,0
2017,00-0032426,Alex,Collins,132.4,0,0,0,895,5,169,0,2
2017,00-0027061,Jared,Cook,75.2,0,0,0,0,0,652,2,1
2017,00-0031236,Brandin,Cooks,139.5,0,0,0,32,0,1003,6,0
2017,00-0029604,Kirk,Cousins,270.1,3935,27,10,167,3,0,0,5
2017,00-0031941,Jamison,Crowder,91.9,0,0,0,35,0,764,3,3
2017,00-0030656,Isaiah,Crowell,111.4,0,0,0,832,2,182,0,1
2017,00-0024226,Jay,Cutler,152.58,2657,18,14,23,0,0,0,0
2017,00-0027973,Andy,Dalton,190.02,3098,22,12,101,0,0,0,4
2017,00-0030860,Orleans,Darkwa,95.3,0,0,0,597,4,116,0,0
2017,00-0031588,Stefon,Diggs,122.3,0,0,0,21,0,782,7,0
2017,00-0033118,Kenyan,Drake,99.3,0,0,0,569,3,224,1,2
2017,00-0033045,Ezekiel,Elliott,163.1,0,0,0,880,7,231,2,1
2017,00-0033881,Evan,Engram,109.6,0,0,0,14,0,722,6,0
2017,00-0030061,Zach,Ertz,126.0,0,0,0,0,0,800,8,1
2017,00-0031408,Mike,Evans,124.6,0,0,0,0,0,946,5,0
2017,00-0022921,Larry,Fitzgerald,144.94,21,0,0,0,0,1101,6,1
2017,00-0023682,Ryan,Fitzpatrick,73.72,1103,7,3,76,0,0,0,0
2017,00-0026158,Joe,Flacco,168.92,2938,16,12,54,1,0,0,0
2017,00-0029567,Nick,Foles,34.22,498,5,1,3,0,0,0,2
2017,00-0026184,Matt,Forte,83.4,0,0,0,381,2,293,1,1
2017,00-0033856,Leonard,Fournette,183.6,0,0,0,1001,9,235,1,0
2017,00-0031285,Devonta,Freeman,147.4,0,0,0,842,7,232,0,1
2017,00-0032055,Devin,Funchess,121.2,0,0,0,0,0,792,7,0
2017,00-0027948,Blaine,Gabbert,59.64,1086,6,6,82,0,0,0,2
2017,00-0033950,Wayne,Gallman,62.0,0,0,0,387,0,193,1,1
2017,00-0031345,Jimmy,Garoppolo,71.32,1268,5,3,12,1,-6,0,0
2017,00-0030433,Mike,Gillislee,67.8,0,0,0,383,5,15,0,1
2017,00-0025396,Ted,Ginn,103.1,0,0,0,37,0,754,4,0
2017,00-0030520,Mike,Glennon,33.72,833,4,5,4,0,0,0,3
2017,00-0033106,Jared,Goff,255.46,3809,28,7,51,1,0,0,3
2017,00-0030068,Marquise,Goodwin,102.8,0,0,0,34,0,934,1,0
2017,00-0032144,Melvin,Gordon,217.7,0,0,0,1012,8,445,4,0
2017,00-0023500,Frank,Gore,133.5,0,0,0,861,3,234,1,0
2017,00-0027942,A.J.,Green,150.1,0,0,0,0,0,1061,8,2
2017,00-0027656,Rob,Gronkowski,156.3,0,0,0,0,0,1083,8,0
2017,00-0032241,Todd,Gurley,319.2,0,0,0,1304,13,788,6,2
2017,00-0032764,Derrick,Henry,106.3,0,0,0,693,5,70,0,0
2017,00-0033040,Tyreek,Hill,164.2,0,0,1,59,0,1183,7,0
2017,00-0029608,T.Y.,Hilton,117.2,0,0,0,0,0,952,4,1
2017,00-0032784,Kevin,Hogan,33.78,517,4,5,71,0,0,0,0
2017,00-0030564,DeAndre,Hopkins,213.8,0,0,0,0,0,1378,13,1
2017,00-0032780,Jordan,Howard,175.1,0,0,0,1111,9,120,0,1
2017,00-0026625,Brian,Hoyer,63.68,1282,4,4,4,1,0,0,1
2017,00-0031589,Brett,Hundley,114.06,1664,8,10,255,2,0,0,1
2017,00-0033923,Kareem,Hunt,232.7,0,0,0,1292,7,455,3,1
2017,00-0031045,Carlos,Hyde,155.0,0,0,0,850,6,340,0,0
2017,00-0027966,Mark,Ingram,214.6,0,0,0,1089,12,397,0,3
2017,00-0027531,Chris,Ivory,63.6,0,0,0,381,1,175,1,2
2017,00-0026189,DeSean,Jackson,88.6,0,0,0,38,0,668,3,0
2017,00-0029137,Alshon,Jeffery,132.1,0,0,0,0,0,781,9,0
2017,00-0033293,Aaron,Jones,70.6,0,0,0,444,4,22,0,0
2017,00-0027944,Julio,Jones,155.9,0,0,0,15,0,1364,3,0
2017,00-0029293,Marvin,Jones,150.0,0,0,0,0,0,1020,8,0
2017,00-0033906,Alvin,Kamara,212.6,0,0,0,684,7,742,5,1
2017,00-0029159,Jermaine,Kearse,105.1,0,0,0,0,0,751,5,0
2017,00-0028986,Case,Keenum,224.02,3358,21,7,157,1,0,0,1
2017,00-0030506,Travis,Kelce,150.5,0,0,1,7,0,1038,8,0
2017,00-0033899,DeShone,Kizer,153.0,2580,9,20,358,5,0,0,6
2017,00-0033908,Cooper,Kupp,114.9,0,0,0,0,0,869,5,1
2017,00-0031382,Jarvis,Landry,132.8,0,0,0,-7,0,895,8,2
2017,00-0031431,Marqise,Lee,89.9,0,0,0,17,0,702,3,0
2017,00-0028087,Dion,Lewis,139.7,0,0,0,803,5,174,2,0
2017,00-0025399,Marshawn,Lynch,132.4,0,0,0,790,7,134,0,1
2017,00-0022803,Eli,Manning,180.44,3336,18,12,30,1,0,0,5
2017,00-0030526,EJ,Manuel,14.1,265,1,1,15,0,0,0,0
2017,00-0032268,Marcus,Mariota,197.12,3098,12,15,252,5,0,0,0
2017,00-0029613,Doug,Martin,65.3,0,0,0,409,3,84,0,1
2017,00-0029580,Rishard,Matthews,102.5,0,0,0,-3,0,788,4,0
2017,00-0033280,Christian,McCaffrey,143.2,0,0,0,421,2,611,5,1
2017,00-0021206,Josh,McCown,205.44,2926,18,9,124,5,0,0,4
2017,00-0027029,LeSean,McCoy,201.5,0,0,0,1129,6,426,2,1
2017,00-0031376,Jerick,McKinnon,120.7,0,0,0,526,3,421,2,2
2017,00-0029615,Lamar,Miller,153.8,0,0,0,851,3,327,3,0
2017,00-0033897,Joe,Mixon,103.6,0,0,0,530,4,286,0,1
2017,00-0025708,Matt,Moore,41.34,861,4,5,9,0,0,0,0
2017,00-0029141,Alfred,Morris,65.1,0,0,0,546,1,45,0,0
2017,00-0028009,DeMarco,Murray,132.5,0,0,0,659,6,266,1,1
2017,00-0030513,Latavius,Murray,119.0,0,0,0,731,6,99,0,0
2017,00-0027939,Cam,Newton,286.38,3122,21,13,695,6,0,0,1
2017,00-0029682,Brock,Osweiler,64.12,1088,5,5,66,1,0,0,1
2017,00-0021429,Carson,Palmer,101.96,1969,9,7,12,0,0,0,0
2017,00-0033526,Samaje,Perine,86.2,0,0,0,600,1,182,1,2
2017,00-0033958,Nathan,Peterman,10.38,252,2,5,23,0,0,0,0
2017,00-0025394,Adrian,Peterson,67.9,0,0,0,529,2,70,0,2
2017,00-0031568,Bryce,Petty,16.08,312,1,3,56,0,0,0,0
2017,00-0028064,Bilal,Powell,116.6,0,0,0,726,5,160,0,1
2017,00-0033077,Dak,Prescott,247.94,3146,21,13,341,6,0,0,3
2017,00-0031257,Paul,Richardson,106.3,0,0,0,0,0,703,6,0
2017,00-0022942,Philip,Rivers,242.42,4128,25,10,-7,0,0,0,1
2017,00-0023459,Aaron,Rodgers,129.6,1675,16,6,126,0,0,0,1
2017,00-0022924,Ben,Roethlisberger,257.06,4259,28,14,47,0,0,0,1
2017,00-0026143,Matt,Ryan,210.02,3778,19,12,129,0,0,0,3
2017,00-0031064,Tom,Savage,50.68,1412,5,6,2,0,0,0,7
2017,00-0032385,Sterling,Shepard,85.5,0,0,0,4,0,731,2,0
2017,00-0032156,Trevor,Siemian,125.64,2276,12,14,126,1,0,0,2
2017,00-0023436,Alex,Smith,295.18,4042,26,5,355,1,0,0,1
2017,00-0030565,Geno,Smith,9.68,212,1,0,12,0,0,0,2
2017,00-0033857,JuJu,Smith-Schuster,113.4,0,0,0,0,0,774,6,0
2017,00-0026498,Matthew,Stafford,244.52,4123,26,10,96,0,0,0,7
2017,00-0025430,Drew,Stanton,42.5,745,5,4,7,0,0,0,0
2017,00-0026153,Jonathan,Stewart,109.2,0,0,0,680,6,52,1,3
2017,00-0030085,Kenny,Stills,113.3,0,0,0,0,0,813,6,2
2017,00-0027891,Golden,Tate,114.1,0,0,0,22,0,899,4,1
2017,00-0028118,Tyrod,Taylor,207.4,2595,13,4,396,4,0,0,2
2017,00-0030035,Adam,Thielen,142.7,0,0,0,11,0,1216,4,2
2017,00-0027874,Demaryius,Thomas,111.2,0,0,0,0,0,892,4,1
2017,00-0032765,Michael,Thomas,145.1,0,0,0,0,0,1151,5,0
2017,00-0033869,Mitchell,Trubisky,124.08,1987,7,7,246,2,0,0,3
2017,00-0024389,Delanie,Walker,98.6,0,0,0,-2,1,788,3,2
2017,00-0026901,Mike,Wallace,89.2,0,0,0,4,0,708,3,0
2017,00-0033537,Deshaun,Watson,164.86,1699,19,8,269,2,0,0,1
2017,00-0032950,Carson,Wentz,273.74,3296,33,7,299,0,0,0,3
2017,00-0033948,Jamaal,Williams,106.5,0,0,0,474,4,231,2,0
2017,00-0032160,Tyrell,Williams,82.1,0,0,0,0,0,661,3,1
2017,00-0029263,Russell,Wilson,323.24,3756,32,11,550,3,0,0,3
2017,00-0031503,Jameis,Winston,177.94,3141,18,8,103,0,0,0,7
2017,00-0030431,Robert,Woods,107.3,0,0,0,12,0,781,5,1
2017,00-0028090,T.J.,Yates,29.64,386,4,2,42,0,0,0,1
